INSERT INTO client_details (id, client_id, client_secret, client_name, dynamically_registered,
  refresh_token_validity_seconds, access_token_validity_seconds, id_token_validity_seconds, allow_introspection,
  token_endpoint_auth_method, require_auth_time) VALUES
  (1, 'client', 'secret', 'Test Client', false, null, 3600, 600, true, 'SECRET_BASIC',false),
  (2, 'tasks-app', 'secret', 'Tasks App', false, null, 0, 0, true, 'SECRET_BASIC',false),
  (3, 'post-client', 'secret', 'Post client', false, null, 3600,600, true, 'SECRET_POST',false),
  (4, 'client-cred', 'secret', 'Client credentials', false, null, 3600, 600, true, 'SECRET_BASIC',false),
  (5, 'password-grant', 'secret', 'Password grant client', false, null, 3600, 600, true, 'SECRET_BASIC',true),
  (6, 'scim-client-ro', 'secret', 'SCIM client (read-only)', false, null, 3600, 600, true, 'SECRET_POST',false),
  (7, 'scim-client-rw', 'secret', 'SCIM client (read-write)', false, null, 3600, 600, true, 'SECRET_POST',false),
  (8, 'token-exchange-actor', 'secret', 'Token Exchange grant client actor', false, null, 3600, 600, true, 'SECRET_POST',false),
  (9, 'token-exchange-subject', 'secret', 'Token Exchange grant client subject', false, null, 3600, 600, true, 'SECRET_POST',false),
  (10, 'registration-client', 'secret', 'Registration service test client', false, null, 3600, 600, true, 'SECRET_POST',false),
  (11, 'token-lookup-client', 'secret', 'Token lookup client', false, null, 3600, 600, true, 'SECRET_BASIC', false);
  
INSERT INTO client_details (id, client_id, client_secret, client_name, dynamically_registered,
  refresh_token_validity_seconds, access_token_validity_seconds, id_token_validity_seconds, allow_introspection,
  token_endpoint_auth_method, require_auth_time, device_code_validity_seconds) VALUES
  (12, 'device-code-client', 'secret', 'Device code client', false, null, 3600, 600, true, 'SECRET_BASIC', false, 
   600);

INSERT INTO client_details (id, client_id, client_secret, client_name, dynamically_registered,
  refresh_token_validity_seconds, access_token_validity_seconds, id_token_validity_seconds, allow_introspection,
  token_endpoint_auth_method, require_auth_time) VALUES
(13, 'implicit-flow-client', null, 'Implicit Flow client', false, null, 3600, 600, false, null, false);

INSERT INTO client_scope (owner_id, scope) VALUES
  (1, 'openid'),
  (1, 'profile'),
  (1, 'email'),
  (1, 'address'),
  (1, 'phone'),
  (1, 'offline_access'),
  (1, 'read-tasks'),
  (1, 'write-tasks'),
  (2, 'openid'),
  (2, 'profile'),
  (2, 'read-tasks'),
  (2, 'write-tasks'),
  (3, 'openid'),
  (3, 'profile'),
  (3, 'read-tasks'),
  (3, 'write-tasks'),
  (4, 'openid'),
  (4, 'profile'),
  (4, 'read-tasks'),
  (4, 'write-tasks'),
  (4, 'offline_access'),
  (5, 'openid'),
  (5, 'profile'),
  (5, 'email'),
  (5, 'address'),
  (5, 'phone'),
  (5, 'offline_access'),
  (5, 'scim:read'),
  (5, 'scim:write'),
  (5, 'proxy:generate'),
  (6, 'openid'),
  (6, 'profile'),
  (6, 'email'),
  (6, 'address'),
  (6, 'phone'),
  (6, 'offline_access'),
  (6, 'scim:read'),
  (7, 'openid'),
  (7, 'profile'),
  (7, 'email'),
  (7, 'address'),
  (7, 'phone'),
  (7, 'offline_access'),
  (7, 'scim:read'),
  (7, 'scim:write'),
  (8, 'openid'),
  (8, 'profile'),
  (8, 'email'),
  (8, 'address'),
  (8, 'phone'),
  (8, 'offline_access'),
  (8, 'read-tasks'),
  (9, 'openid'),
  (9, 'profile'),
  (9, 'offline_access'),
  (10, 'openid'),
  (10, 'profile'),
  (10, 'registration:read'),
  (10, 'registration:write'),
  (10, 'scim:write'),
  (10, 'scim:read'),
  (11, 'openid'),
  (11, 'profile'),
  (11, 'email'),
  (11, 'address'),
  (11, 'phone'),
  (11, 'offline_access'),
  (11, 'read-tasks'),
  (11, 'write-tasks'),
  (12, 'openid'),
  (12, 'profile'),
  (12, 'email'),
  (12, 'address'),
  (12, 'phone'),
  (12, 'offline_access'),
  (13, 'openid'),
  (13, 'profile'),
  (13, 'email'),
  (13, 'address'),
  (13, 'phone');
  
  
INSERT INTO client_redirect_uri (owner_id, redirect_uri) VALUES
  (1, 'http://localhost:9090/iam-test-client/openid_connect_login'),
  (1, 'https://iam.local.io/iam-test-client/openid_connect_login'),
  (3, 'http://localhost:4000/callback'),
  (4, 'http://localhost:5000/callback'),
  (11, 'http://localhost:1234/callback'),
  (13, 'http://localhost:9876/implicit');

INSERT INTO client_grant_type (owner_id, grant_type) VALUES
  (1, 'authorization_code'),
  (1, 'urn:ietf:params:oauth:grant_type:redelegate'),
  (1, 'implicit'),
  (1, 'refresh_token'),
  (3, 'authorization_code'),
  (3, 'client_credentials'),
  (4, 'password'),
  (4, 'client_credentials'),
  (5, 'password'),
  (5, 'refresh_token'),
  (6, 'client_credentials'),
  (7, 'client_credentials'),
  (8, 'urn:ietf:params:oauth:grant-type:token-exchange'),
  (8, 'password'),
  (8, 'refresh_token'),
  (9, 'password'),
  (9, 'refresh_token'),
  (10, 'client_credentials'),
  (10, 'refresh_token'),
  (11, 'authorization_code'),
  (11, 'refresh_token'),
  (11, 'client_credentials'),
  (12, 'refresh_token'),
  (12, 'urn:ietf:params:oauth:grant-type:device_code'),
  (13, 'implicit');
    
INSERT INTO iam_user_info(ID,GIVENNAME,FAMILYNAME, EMAIL, EMAILVERIFIED, BIRTHDATE, GENDER) VALUES
(2, 'Test', 'User', 'test@iam.test', true, '1950-01-01','M');


INSERT INTO iam_account(id, uuid, username, password, user_info_id, creationtime, lastupdatetime, active) VALUES
(2, '80e5fb8d-b7c8-451a-89ba-346ae278a66f', 'test', '$2a$10$UZeOZKD1.dj5oiTsZKD03OETA9FXCKGqBuuijhsxYygZpOPtWMUni', 2, CURRENT_TIMESTAMP(), CURRENT_TIMESTAMP(), true);


INSERT INTO iam_oidc_id(issuer, subject, account_id) VALUES
('https://accounts.google.com', '105440632287425289613', 2),
('urn:test-oidc-issuer', 'test-user', 2);

INSERT INTO iam_saml_id(idpid, attribute_id, userid, account_id) VALUES
('https://idptestbed/idp/shibboleth', 'urn:oid:0.9.2342.19200300.100.1.3', 'andrea.ceccanti@example.org',2),
('https://idptestbed/idp/shibboleth', 'urn:oid:1.3.6.1.4.1.5923.1.1.1.13', '78901@idptestbed',2);

INSERT INTO iam_x509_cert(label,subject_dn,issuer_dn, is_primary,certificate,creation_time, last_update_time,account_id) VALUES
('test2 cert', 'CN=test2,O=IGI,C=IT', 'CN=Test CA,O=IGI,C=IT',true, 
'-----BEGIN CERTIFICATE-----
MIIDnjCCAoagAwIBAgIBCzANBgkqhkiG9w0BAQUFADAtMQswCQYDVQQGEwJJVDEM
MAoGA1UECgwDSUdJMRAwDgYDVQQDDAdUZXN0IENBMB4XDTEyMDkyNjE1MzkzOFoX
DTIyMDkyNDE1MzkzOFowKzELMAkGA1UEBhMCSVQxDDAKBgNVBAoTA0lHSTEOMAwG
A1UEAxMFdGVzdDIwggEiMA0GCSqGSIb3DQEBAQUAA4IBDwAwggEKAoIBAQDEYYwo
eq5ucXGsIZqI5V30OmEZTLzz3TCtFSp+DWbFHAeiiZNNktK44udHV+kwTjSxHTUJ
P9RIvCAIMggtvibesXrTp1UHAF6p1d2GaUmU+mc/y7zRESxuSXx+SqWCwBOVxOzj
Dhm9oWlg3TSNctV2qv0HR2t8hsnfsQShULwaUJmQZ1fBfDN6HL5ITe77ptXB84Hz
MAmNv0ckoQmVGtlVhoasppTgMhoWvBSguT1FGw7A/a8ZzQZV8rC1BP/1LZtRitHm
stErUyULBjQekpu3VhGFJLCFD3fcyjoBKsIxCm62NhzHLOF8RE+kW05MRGrUu007
CuV3yCDZOixIAxKVAgMBAAGjgcowgccwDAYDVR0TAQH/BAIwADAdBgNVHQ4EFgQU
XNkN/hv+aBr6hqNqYm1VaiEAvpcwDgYDVR0PAQH/BAQDAgXgMD4GA1UdJQQ3MDUG
CCsGAQUFBwMBBggrBgEFBQcDAgYKKwYBBAGCNwoDAwYJYIZIAYb4QgQBBggrBgEF
BQcDBDAfBgNVHSMEGDAWgBSRdzZ7LrRp8yfqt/YIi0ojohFJxjAnBgNVHREEIDAe
gRxhbmRyZWEuY2VjY2FudGlAY25hZi5pbmZuLml0MA0GCSqGSIb3DQEBBQUAA4IB
AQBOavmIRcBqWnGFmcEp8zJ+cR3k02UcM0Xg7/vAnxJ7JziniMJLyBrxAaW1j2f6
qJrap9rK+aukhovInTSrdWKM6y5ceY0w7u4nsu8Y3lRf3g9e766iuY3NfflDZE2N
s3JuHZljwx7NGEOrr/Wi5Q1g9JVJcK+A+aB3vPLoS/Uc95ibdqJKHVG0rcKLnqR6
AVvzyPxJtpwk4yy4V+juBZib2SImBWJ7C5VHuHLMAOxtNV84CIXpdvLKfA1Bjf3W
UMrcvhN03L72j9IR0WEZlFMfYbxv1gbNbo+fhVo3itHI3lTl0K0BD5bOP0LqtARL
gZ9zFVlxWHcKUqQ41ZQXNg7U
-----END CERTIFICATE-----', 
CURRENT_TIMESTAMP(), CURRENT_TIMESTAMP(),1);

INSERT INTO iam_group(id, name, uuid, description, creationtime, lastupdatetime) VALUES
(1, 'Production', 'c617d586-54e6-411d-8e38-64967798fa8a', 'The production group', CURRENT_TIMESTAMP(), CURRENT_TIMESTAMP()),
(2, 'Analysis', '6a384bcd-d4b3-4b7f-a2fe-7d897ada0dd1', 'The analysis group', CURRENT_TIMESTAMP(), CURRENT_TIMESTAMP());

INSERT INTO iam_account_group(account_id, group_id) VALUES
(2,1),
(2,2);

INSERT INTO iam_account_authority(account_id, authority_id) VALUES
(2,2);

-- Other test groups
INSERT INTO iam_group(id, name, uuid, description, creationtime, lastupdatetime) VALUES
(101, 'Test-001', 'c617d586-54e6-411d-8e38-649677980001', 'Test group-001', CURRENT_TIMESTAMP(), CURRENT_TIMESTAMP()),
(102, 'Test-002', 'c617d586-54e6-411d-8e38-649677980002', 'Test group-002', CURRENT_TIMESTAMP(), CURRENT_TIMESTAMP()),
(103, 'Test-003', 'c617d586-54e6-411d-8e38-649677980003', 'Test group-003', CURRENT_TIMESTAMP(), CURRENT_TIMESTAMP()),
(104, 'Test-004', 'c617d586-54e6-411d-8e38-649677980004', 'Test group-004', CURRENT_TIMESTAMP(), CURRENT_TIMESTAMP()),
(105, 'Test-005', 'c617d586-54e6-411d-8e38-649677980005', 'Test group-005', CURRENT_TIMESTAMP(), CURRENT_TIMESTAMP()),
(106, 'Test-006', 'c617d586-54e6-411d-8e38-649677980006', 'Test group-006', CURRENT_TIMESTAMP(), CURRENT_TIMESTAMP()),
(107, 'Test-007', 'c617d586-54e6-411d-8e38-649677980007', 'Test group-007', CURRENT_TIMESTAMP(), CURRENT_TIMESTAMP()),
(108, 'Test-008', 'c617d586-54e6-411d-8e38-649677980008', 'Test group-008', CURRENT_TIMESTAMP(), CURRENT_TIMESTAMP()),
(109, 'Test-009', 'c617d586-54e6-411d-8e38-649677980009', 'Test group-009', CURRENT_TIMESTAMP(), CURRENT_TIMESTAMP()),
(110, 'Test-010', 'c617d586-54e6-411d-8e38-649677980010', 'Test group-010', CURRENT_TIMESTAMP(), CURRENT_TIMESTAMP()),
(111, 'Test-011', 'c617d586-54e6-411d-8e38-649677980011', 'Test group-011', CURRENT_TIMESTAMP(), CURRENT_TIMESTAMP()),
(112, 'Test-012', 'c617d586-54e6-411d-8e38-649677980012', 'Test group-012', CURRENT_TIMESTAMP(), CURRENT_TIMESTAMP()),
(113, 'Test-013', 'c617d586-54e6-411d-8e38-649677980013', 'Test group-013', CURRENT_TIMESTAMP(), CURRENT_TIMESTAMP()),
(114, 'Test-014', 'c617d586-54e6-411d-8e38-649677980014', 'Test group-014', CURRENT_TIMESTAMP(), CURRENT_TIMESTAMP()),
(115, 'Test-015', 'c617d586-54e6-411d-8e38-649677980015', 'Test group-015', CURRENT_TIMESTAMP(), CURRENT_TIMESTAMP()),
(116, 'Test-016', 'c617d586-54e6-411d-8e38-649677980016', 'Test group-016', CURRENT_TIMESTAMP(), CURRENT_TIMESTAMP()),
(117, 'Test-017', 'c617d586-54e6-411d-8e38-649677980017', 'Test group-017', CURRENT_TIMESTAMP(), CURRENT_TIMESTAMP()),
(118, 'Test-018', 'c617d586-54e6-411d-8e38-649677980018', 'Test group-018', CURRENT_TIMESTAMP(), CURRENT_TIMESTAMP()),
(119, 'Test-019', 'c617d586-54e6-411d-8e38-649677980019', 'Test group-019', CURRENT_TIMESTAMP(), CURRENT_TIMESTAMP()),
(120, 'Test-020', 'c617d586-54e6-411d-8e38-649677980020', 'Test group-020', CURRENT_TIMESTAMP(), CURRENT_TIMESTAMP());

-- Other test users
INSERT INTO iam_user_info(ID,GIVENNAME,FAMILYNAME, EMAIL, EMAILVERIFIED) VALUES
(100, 'Test-100','User', 'test-100@test.org', true),
(101, 'Test-101','User', 'test-101@test.org', true),
(102, 'Test-102','User', 'test-102@test.org', true),
(103, 'Test-103','User', 'test-103@test.org', true),
(104, 'Test-104','User', 'test-104@test.org', true),
(105, 'Test-105','User', 'test-105@test.org', true),
(106, 'Test-106','User', 'test-106@test.org', true),
(107, 'Test-107','User', 'test-107@test.org', true),
(108, 'Test-108','User', 'test-108@test.org', true),
(109, 'Test-109','User', 'test-109@test.org', true),
(110, 'Test-110','User', 'test-110@test.org', true),
(111, 'Test-111','User', 'test-111@test.org', true),
(112, 'Test-112','User', 'test-112@test.org', true),
(113, 'Test-113','User', 'test-113@test.org', true),
(114, 'Test-114','User', 'test-114@test.org', true),
(115, 'Test-115','User', 'test-115@test.org', true),
(116, 'Test-116','User', 'test-116@test.org', true),
(117, 'Test-117','User', 'test-117@test.org', true),
(118, 'Test-118','User', 'test-118@test.org', true),
(119, 'Test-119','User', 'test-119@test.org', true),
(120, 'Test-120','User', 'test-120@test.org', true),
(121, 'Test-121','User', 'test-121@test.org', true),
(122, 'Test-122','User', 'test-122@test.org', true),
(123, 'Test-123','User', 'test-123@test.org', true),
(124, 'Test-124','User', 'test-124@test.org', true),
(125, 'Test-125','User', 'test-125@test.org', true),
(126, 'Test-126','User', 'test-126@test.org', true),
(127, 'Test-127','User', 'test-127@test.org', true),
(128, 'Test-128','User', 'test-128@test.org', true),
(129, 'Test-129','User', 'test-129@test.org', true),
(130, 'Test-130','User', 'test-130@test.org', true),
(131, 'Test-131','User', 'test-131@test.org', true),
(132, 'Test-132','User', 'test-132@test.org', true),
(133, 'Test-133','User', 'test-133@test.org', true),
(134, 'Test-134','User', 'test-134@test.org', true),
(135, 'Test-135','User', 'test-135@test.org', true),
(136, 'Test-136','User', 'test-136@test.org', true),
(137, 'Test-137','User', 'test-137@test.org', true),
(138, 'Test-138','User', 'test-138@test.org', true),
(139, 'Test-139','User', 'test-139@test.org', true),
(140, 'Test-140','User', 'test-140@test.org', true),
(141, 'Test-141','User', 'test-141@test.org', true),
(142, 'Test-142','User', 'test-142@test.org', true),
(143, 'Test-143','User', 'test-143@test.org', true),
(144, 'Test-144','User', 'test-144@test.org', true),
(145, 'Test-145','User', 'test-145@test.org', true),
(146, 'Test-146','User', 'test-146@test.org', true),
(147, 'Test-147','User', 'test-147@test.org', true),
(148, 'Test-148','User', 'test-148@test.org', true),
(149, 'Test-149','User', 'test-149@test.org', true),
(150, 'Test-150','User', 'test-150@test.org', true),
(151, 'Test-151','User', 'test-151@test.org', true),
(152, 'Test-152','User', 'test-152@test.org', true),
(153, 'Test-153','User', 'test-153@test.org', true),
(154, 'Test-154','User', 'test-154@test.org', true),
(155, 'Test-155','User', 'test-155@test.org', true),
(156, 'Test-156','User', 'test-156@test.org', true),
(157, 'Test-157','User', 'test-157@test.org', true),
(158, 'Test-158','User', 'test-158@test.org', true),
(159, 'Test-159','User', 'test-159@test.org', true),
(160, 'Test-160','User', 'test-160@test.org', true),
(161, 'Test-161','User', 'test-161@test.org', true),
(162, 'Test-162','User', 'test-162@test.org', true),
(163, 'Test-163','User', 'test-163@test.org', true),
(164, 'Test-164','User', 'test-164@test.org', true),
(165, 'Test-165','User', 'test-165@test.org', true),
(166, 'Test-166','User', 'test-166@test.org', true),
(167, 'Test-167','User', 'test-167@test.org', true),
(168, 'Test-168','User', 'test-168@test.org', true),
(169, 'Test-169','User', 'test-169@test.org', true),
(170, 'Test-170','User', 'test-170@test.org', true),
(171, 'Test-171','User', 'test-171@test.org', true),
(172, 'Test-172','User', 'test-172@test.org', true),
(173, 'Test-173','User', 'test-173@test.org', true),
(174, 'Test-174','User', 'test-174@test.org', true),
(175, 'Test-175','User', 'test-175@test.org', true),
(176, 'Test-176','User', 'test-176@test.org', true),
(177, 'Test-177','User', 'test-177@test.org', true),
(178, 'Test-178','User', 'test-178@test.org', true),
(179, 'Test-179','User', 'test-179@test.org', true),
(180, 'Test-180','User', 'test-180@test.org', true),
(181, 'Test-181','User', 'test-181@test.org', true),
(182, 'Test-182','User', 'test-182@test.org', true),
(183, 'Test-183','User', 'test-183@test.org', true),
(184, 'Test-184','User', 'test-184@test.org', true),
(185, 'Test-185','User', 'test-185@test.org', true),
(186, 'Test-186','User', 'test-186@test.org', true),
(187, 'Test-187','User', 'test-187@test.org', true),
(188, 'Test-188','User', 'test-188@test.org', true),
(189, 'Test-189','User', 'test-189@test.org', true),
(190, 'Test-190','User', 'test-190@test.org', true),
(191, 'Test-191','User', 'test-191@test.org', true),
(192, 'Test-192','User', 'test-192@test.org', true),
(193, 'Test-193','User', 'test-193@test.org', true),
(194, 'Test-194','User', 'test-194@test.org', true),
(195, 'Test-195','User', 'test-195@test.org', true),
(196, 'Test-196','User', 'test-196@test.org', true),
(197, 'Test-197','User', 'test-197@test.org', true),
(198, 'Test-198','User', 'test-198@test.org', true),
(199, 'Test-199','User', 'test-199@test.org', true),
(200, 'Test-200','User', 'test-200@test.org', true),
(201, 'Test-201','User', 'test-201@test.org', true),
(202, 'Test-202','User', 'test-202@test.org', true),
(203, 'Test-203','User', 'test-203@test.org', true),
(204, 'Test-204','User', 'test-204@test.org', true),
(205, 'Test-205','User', 'test-205@test.org', true),
(206, 'Test-206','User', 'test-206@test.org', true),
(207, 'Test-207','User', 'test-207@test.org', true),
(208, 'Test-208','User', 'test-208@test.org', true),
(209, 'Test-209','User', 'test-209@test.org', true),
(210, 'Test-210','User', 'test-210@test.org', true),
(211, 'Test-211','User', 'test-211@test.org', true),
(212, 'Test-212','User', 'test-212@test.org', true),
(213, 'Test-213','User', 'test-213@test.org', true),
(214, 'Test-214','User', 'test-214@test.org', true),
(215, 'Test-215','User', 'test-215@test.org', true),
(216, 'Test-216','User', 'test-216@test.org', true),
(217, 'Test-217','User', 'test-217@test.org', true),
(218, 'Test-218','User', 'test-218@test.org', true),
(219, 'Test-219','User', 'test-219@test.org', true),
(220, 'Test-220','User', 'test-220@test.org', true),
(221, 'Test-221','User', 'test-221@test.org', true),
(222, 'Test-222','User', 'test-222@test.org', true),
(223, 'Test-223','User', 'test-223@test.org', true),
(224, 'Test-224','User', 'test-224@test.org', true),
(225, 'Test-225','User', 'test-225@test.org', true),
(226, 'Test-226','User', 'test-226@test.org', true),
(227, 'Test-227','User', 'test-227@test.org', true),
(228, 'Test-228','User', 'test-228@test.org', true),
(229, 'Test-229','User', 'test-229@test.org', true),
(230, 'Test-230','User', 'test-230@test.org', true),
(231, 'Test-231','User', 'test-231@test.org', true),
(232, 'Test-232','User', 'test-232@test.org', true),
(233, 'Test-233','User', 'test-233@test.org', true),
(234, 'Test-234','User', 'test-234@test.org', true),
(235, 'Test-235','User', 'test-235@test.org', true),
(236, 'Test-236','User', 'test-236@test.org', true),
(237, 'Test-237','User', 'test-237@test.org', true),
(238, 'Test-238','User', 'test-238@test.org', true),
(239, 'Test-239','User', 'test-239@test.org', true),
(240, 'Test-240','User', 'test-240@test.org', true),
(241, 'Test-241','User', 'test-241@test.org', true),
(242, 'Test-242','User', 'test-242@test.org', true),
(243, 'Test-243','User', 'test-243@test.org', true),
(244, 'Test-244','User', 'test-244@test.org', true),
(245, 'Test-245','User', 'test-245@test.org', true),
(246, 'Test-246','User', 'test-246@test.org', true),
(247, 'Test-247','User', 'test-247@test.org', true),
(248, 'Test-248','User', 'test-248@test.org', true),
(249, 'Test-249','User', 'test-249@test.org', true),
(250, 'Test-250','User', 'test-250@test.org', true),
(251, 'Test-251','User', 'test-251@test.org', true),
(252, 'Test-252','User', 'test-252@test.org', true),
(253, 'Test-253','User', 'test-253@test.org', true),
(254, 'Test-254','User', 'test-254@test.org', true),
(255, 'Test-255','User', 'test-255@test.org', true),
(256, 'Test-256','User', 'test-256@test.org', true),
(257, 'Test-257','User', 'test-257@test.org', true),
(258, 'Test-258','User', 'test-258@test.org', true),
(259, 'Test-259','User', 'test-259@test.org', true),
(260, 'Test-260','User', 'test-260@test.org', true),
(261, 'Test-261','User', 'test-261@test.org', true),
(262, 'Test-262','User', 'test-262@test.org', true),
(263, 'Test-263','User', 'test-263@test.org', true),
(264, 'Test-264','User', 'test-264@test.org', true),
(265, 'Test-265','User', 'test-265@test.org', true),
(266, 'Test-266','User', 'test-266@test.org', true),
(267, 'Test-267','User', 'test-267@test.org', true),
(268, 'Test-268','User', 'test-268@test.org', true),
(269, 'Test-269','User', 'test-269@test.org', true),
(270, 'Test-270','User', 'test-270@test.org', true),
(271, 'Test-271','User', 'test-271@test.org', true),
(272, 'Test-272','User', 'test-272@test.org', true),
(273, 'Test-273','User', 'test-273@test.org', true),
(274, 'Test-274','User', 'test-274@test.org', true),
(275, 'Test-275','User', 'test-275@test.org', true),
(276, 'Test-276','User', 'test-276@test.org', true),
(277, 'Test-277','User', 'test-277@test.org', true),
(278, 'Test-278','User', 'test-278@test.org', true),
(279, 'Test-279','User', 'test-279@test.org', true),
(280, 'Test-280','User', 'test-280@test.org', true),
(281, 'Test-281','User', 'test-281@test.org', true),
(282, 'Test-282','User', 'test-282@test.org', true),
(283, 'Test-283','User', 'test-283@test.org', true),
(284, 'Test-284','User', 'test-284@test.org', true),
(285, 'Test-285','User', 'test-285@test.org', true),
(286, 'Test-286','User', 'test-286@test.org', true),
(287, 'Test-287','User', 'test-287@test.org', true),
(288, 'Test-288','User', 'test-288@test.org', true),
(289, 'Test-289','User', 'test-289@test.org', true),
(290, 'Test-290','User', 'test-290@test.org', true),
(291, 'Test-291','User', 'test-291@test.org', true),
(292, 'Test-292','User', 'test-292@test.org', true),
(293, 'Test-293','User', 'test-293@test.org', true),
(294, 'Test-294','User', 'test-294@test.org', true),
(295, 'Test-295','User', 'test-295@test.org', true),
(296, 'Test-296','User', 'test-296@test.org', true),
(297, 'Test-297','User', 'test-297@test.org', true),
(298, 'Test-298','User', 'test-298@test.org', true),
(299, 'Test-299','User', 'test-299@test.org', true),
(300, 'Test-300','User', 'test-300@test.org', true),
(301, 'Test-301','User', 'test-301@test.org', true),
(302, 'Test-302','User', 'test-302@test.org', true),
(303, 'Test-303','User', 'test-303@test.org', true),
(304, 'Test-304','User', 'test-304@test.org', true),
(305, 'Test-305','User', 'test-305@test.org', true),
(306, 'Test-306','User', 'test-306@test.org', true),
(307, 'Test-307','User', 'test-307@test.org', true),
(308, 'Test-308','User', 'test-308@test.org', true),
(309, 'Test-309','User', 'test-309@test.org', true),
(310, 'Test-310','User', 'test-310@test.org', true),
(311, 'Test-311','User', 'test-311@test.org', true),
(312, 'Test-312','User', 'test-312@test.org', true),
(313, 'Test-313','User', 'test-313@test.org', true),
(314, 'Test-314','User', 'test-314@test.org', true),
(315, 'Test-315','User', 'test-315@test.org', true),
(316, 'Test-316','User', 'test-316@test.org', true),
(317, 'Test-317','User', 'test-317@test.org', true),
(318, 'Test-318','User', 'test-318@test.org', true),
(319, 'Test-319','User', 'test-319@test.org', true),
(320, 'Test-320','User', 'test-320@test.org', true),
(321, 'Test-321','User', 'test-321@test.org', true),
(322, 'Test-322','User', 'test-322@test.org', true),
(323, 'Test-323','User', 'test-323@test.org', true),
(324, 'Test-324','User', 'test-324@test.org', true),
(325, 'Test-325','User', 'test-325@test.org', true),
(326, 'Test-326','User', 'test-326@test.org', true),
(327, 'Test-327','User', 'test-327@test.org', true),
(328, 'Test-328','User', 'test-328@test.org', true),
(329, 'Test-329','User', 'test-329@test.org', true),
(330, 'Test-330','User', 'test-330@test.org', true),
(331, 'Test-331','User', 'test-331@test.org', true),
(332, 'Test-332','User', 'test-332@test.org', true),
(333, 'Test-333','User', 'test-333@test.org', true),
(334, 'Test-334','User', 'test-334@test.org', true),
(335, 'Test-335','User', 'test-335@test.org', true),
(336, 'Test-336','User', 'test-336@test.org', true),
(337, 'Test-337','User', 'test-337@test.org', true),
(338, 'Test-338','User', 'test-338@test.org', true),
(339, 'Test-339','User', 'test-339@test.org', true),
(340, 'Test-340','User', 'test-340@test.org', true),
(341, 'Test-341','User', 'test-341@test.org', true),
(342, 'Test-342','User', 'test-342@test.org', true),
(343, 'Test-343','User', 'test-343@test.org', true),
(344, 'Test-344','User', 'test-344@test.org', true),
(345, 'Test-345','User', 'test-345@test.org', true),
(346, 'Test-346','User', 'test-346@test.org', true),
(347, 'Test-347','User', 'test-347@test.org', true);
INSERT INTO iam_account(id, uuid, username, password, user_info_id, creationtime, lastupdatetime, active) VALUES
(100, 'f2ce8cb2-a1db-4884-9ef0-d8842cc02b4a', 'test_100', '$2a$10$UZeOZKD1.dj5oiTsZKD03OETA9FXCKGqBuuijhsxYygZpOPtWMUni', 100, CURRENT_TIMESTAMP(), CURRENT_TIMESTAMP(), true),
(101, '1a78b3b8-22d2-4746-9269-df55aceb036f', 'test_101', '$2a$10$UZeOZKD1.dj5oiTsZKD03OETA9FXCKGqBuuijhsxYygZpOPtWMUni', 101, CURRENT_TIMESTAMP(), CURRENT_TIMESTAMP(), true),
(102, 'a07d60c6-7ffa-475f-98e4-f9f648aa278b', 'test_102', '$2a$10$UZeOZKD1.dj5oiTsZKD03OETA9FXCKGqBuuijhsxYygZpOPtWMUni', 102, CURRENT_TIMESTAMP(), CURRENT_TIMESTAMP(), true),
(103, '56e1b885-ea25-4ffc-ba17-fcde2b097d02', 'test_103', '$2a$10$UZeOZKD1.dj5oiTsZKD03OETA9FXCKGqBuuijhsxYygZpOPtWMUni', 103, CURRENT_TIMESTAMP(), CURRENT_TIMESTAMP(), true),
(104, '67d2794d-c7fb-406e-9bc1-b66f43cbe60f', 'test_104', '$2a$10$UZeOZKD1.dj5oiTsZKD03OETA9FXCKGqBuuijhsxYygZpOPtWMUni', 104, CURRENT_TIMESTAMP(), CURRENT_TIMESTAMP(), true),
(105, 'd11e04f7-f369-4de6-9375-394f7d886ac7', 'test_105', '$2a$10$UZeOZKD1.dj5oiTsZKD03OETA9FXCKGqBuuijhsxYygZpOPtWMUni', 105, CURRENT_TIMESTAMP(), CURRENT_TIMESTAMP(), true),
(106, 'bbc76b76-9f9e-443b-8c63-cd775c50c6f3', 'test_106', '$2a$10$UZeOZKD1.dj5oiTsZKD03OETA9FXCKGqBuuijhsxYygZpOPtWMUni', 106, CURRENT_TIMESTAMP(), CURRENT_TIMESTAMP(), true),
(107, 'b15c850c-e6e0-4afb-a02d-374653bb102e', 'test_107', '$2a$10$UZeOZKD1.dj5oiTsZKD03OETA9FXCKGqBuuijhsxYygZpOPtWMUni', 107, CURRENT_TIMESTAMP(), CURRENT_TIMESTAMP(), true),
(108, 'afada6e8-d50d-47f6-912e-d6261605c771', 'test_108', '$2a$10$UZeOZKD1.dj5oiTsZKD03OETA9FXCKGqBuuijhsxYygZpOPtWMUni', 108, CURRENT_TIMESTAMP(), CURRENT_TIMESTAMP(), true),
(109, 'fa3b4c97-4787-4b49-a32c-5b4c74d5a7c8', 'test_109', '$2a$10$UZeOZKD1.dj5oiTsZKD03OETA9FXCKGqBuuijhsxYygZpOPtWMUni', 109, CURRENT_TIMESTAMP(), CURRENT_TIMESTAMP(), true),
(110, '33165df6-4d49-4728-883c-3fd42720d46b', 'test_110', '$2a$10$UZeOZKD1.dj5oiTsZKD03OETA9FXCKGqBuuijhsxYygZpOPtWMUni', 110, CURRENT_TIMESTAMP(), CURRENT_TIMESTAMP(), true),
(111, '15fb8d3a-003d-4ef9-8349-867d81d4ae9c', 'test_111', '$2a$10$UZeOZKD1.dj5oiTsZKD03OETA9FXCKGqBuuijhsxYygZpOPtWMUni', 111, CURRENT_TIMESTAMP(), CURRENT_TIMESTAMP(), true),
(112, '7a4dda33-c2e5-4304-998a-3fa4df481123', 'test_112', '$2a$10$UZeOZKD1.dj5oiTsZKD03OETA9FXCKGqBuuijhsxYygZpOPtWMUni', 112, CURRENT_TIMESTAMP(), CURRENT_TIMESTAMP(), true),
(113, '7013f989-0a95-43b5-8637-2e2360a73bb3', 'test_113', '$2a$10$UZeOZKD1.dj5oiTsZKD03OETA9FXCKGqBuuijhsxYygZpOPtWMUni', 113, CURRENT_TIMESTAMP(), CURRENT_TIMESTAMP(), true),
(114, '12caabc8-4766-4028-98ff-f4d7f288a5f0', 'test_114', '$2a$10$UZeOZKD1.dj5oiTsZKD03OETA9FXCKGqBuuijhsxYygZpOPtWMUni', 114, CURRENT_TIMESTAMP(), CURRENT_TIMESTAMP(), true),
(115, 'f463ad2b-5814-4877-bb62-f954c67a8044', 'test_115', '$2a$10$UZeOZKD1.dj5oiTsZKD03OETA9FXCKGqBuuijhsxYygZpOPtWMUni', 115, CURRENT_TIMESTAMP(), CURRENT_TIMESTAMP(), true),
(116, '28c656c4-5489-4654-a257-0806c6bab905', 'test_116', '$2a$10$UZeOZKD1.dj5oiTsZKD03OETA9FXCKGqBuuijhsxYygZpOPtWMUni', 116, CURRENT_TIMESTAMP(), CURRENT_TIMESTAMP(), true),
(117, '11be5a72-9416-45fc-a0a7-f3e23c54bfda', 'test_117', '$2a$10$UZeOZKD1.dj5oiTsZKD03OETA9FXCKGqBuuijhsxYygZpOPtWMUni', 117, CURRENT_TIMESTAMP(), CURRENT_TIMESTAMP(), true),
(118, '3cea2c01-786e-41a3-8fdf-4229cc4e3742', 'test_118', '$2a$10$UZeOZKD1.dj5oiTsZKD03OETA9FXCKGqBuuijhsxYygZpOPtWMUni', 118, CURRENT_TIMESTAMP(), CURRENT_TIMESTAMP(), true),
(119, 'e0247677-4542-4df3-8d75-8efa11e70911', 'test_119', '$2a$10$UZeOZKD1.dj5oiTsZKD03OETA9FXCKGqBuuijhsxYygZpOPtWMUni', 119, CURRENT_TIMESTAMP(), CURRENT_TIMESTAMP(), true),
(120, 'd905a115-d726-4e11-ba1f-b8482177bb05', 'test_120', '$2a$10$UZeOZKD1.dj5oiTsZKD03OETA9FXCKGqBuuijhsxYygZpOPtWMUni', 120, CURRENT_TIMESTAMP(), CURRENT_TIMESTAMP(), true),
(121, '3479afd1-584c-4479-b6e2-25f6cef2f842', 'test_121', '$2a$10$UZeOZKD1.dj5oiTsZKD03OETA9FXCKGqBuuijhsxYygZpOPtWMUni', 121, CURRENT_TIMESTAMP(), CURRENT_TIMESTAMP(), true),
(122, '8d4f467d-cb68-4feb-b898-71e4487e6820', 'test_122', '$2a$10$UZeOZKD1.dj5oiTsZKD03OETA9FXCKGqBuuijhsxYygZpOPtWMUni', 122, CURRENT_TIMESTAMP(), CURRENT_TIMESTAMP(), true),
(123, '0ddee1c2-1426-4b83-b520-e20bdd8ef9b3', 'test_123', '$2a$10$UZeOZKD1.dj5oiTsZKD03OETA9FXCKGqBuuijhsxYygZpOPtWMUni', 123, CURRENT_TIMESTAMP(), CURRENT_TIMESTAMP(), true),
(124, 'b8b638be-6e09-4dbe-bcc0-776c2403e8c7', 'test_124', '$2a$10$UZeOZKD1.dj5oiTsZKD03OETA9FXCKGqBuuijhsxYygZpOPtWMUni', 124, CURRENT_TIMESTAMP(), CURRENT_TIMESTAMP(), true),
(125, '1dc3108a-b5c0-4e5b-accd-925054075bc4', 'test_125', '$2a$10$UZeOZKD1.dj5oiTsZKD03OETA9FXCKGqBuuijhsxYygZpOPtWMUni', 125, CURRENT_TIMESTAMP(), CURRENT_TIMESTAMP(), true),
(126, '5eed3374-c131-4513-84b7-dd0ff965da35', 'test_126', '$2a$10$UZeOZKD1.dj5oiTsZKD03OETA9FXCKGqBuuijhsxYygZpOPtWMUni', 126, CURRENT_TIMESTAMP(), CURRENT_TIMESTAMP(), true),
(127, '2d0b4c36-0301-49f6-a20b-23b6ca48cee2', 'test_127', '$2a$10$UZeOZKD1.dj5oiTsZKD03OETA9FXCKGqBuuijhsxYygZpOPtWMUni', 127, CURRENT_TIMESTAMP(), CURRENT_TIMESTAMP(), true),
(128, 'db46065a-ba62-423d-9397-7bc6fab371a5', 'test_128', '$2a$10$UZeOZKD1.dj5oiTsZKD03OETA9FXCKGqBuuijhsxYygZpOPtWMUni', 128, CURRENT_TIMESTAMP(), CURRENT_TIMESTAMP(), true),
(129, 'd9dbaabf-c51a-45e5-aee1-25134ba283ac', 'test_129', '$2a$10$UZeOZKD1.dj5oiTsZKD03OETA9FXCKGqBuuijhsxYygZpOPtWMUni', 129, CURRENT_TIMESTAMP(), CURRENT_TIMESTAMP(), true),
(130, '5678f40a-f361-464c-aa71-ffb48d163aaa', 'test_130', '$2a$10$UZeOZKD1.dj5oiTsZKD03OETA9FXCKGqBuuijhsxYygZpOPtWMUni', 130, CURRENT_TIMESTAMP(), CURRENT_TIMESTAMP(), true),
(131, '209ae3b9-e266-4e57-a639-db29f61a7594', 'test_131', '$2a$10$UZeOZKD1.dj5oiTsZKD03OETA9FXCKGqBuuijhsxYygZpOPtWMUni', 131, CURRENT_TIMESTAMP(), CURRENT_TIMESTAMP(), true),
(132, 'f3fac505-d5c9-4d9c-83af-3976f357f19c', 'test_132', '$2a$10$UZeOZKD1.dj5oiTsZKD03OETA9FXCKGqBuuijhsxYygZpOPtWMUni', 132, CURRENT_TIMESTAMP(), CURRENT_TIMESTAMP(), true),
(133, '13bfd34b-1dda-452e-bd9a-284aabccf07d', 'test_133', '$2a$10$UZeOZKD1.dj5oiTsZKD03OETA9FXCKGqBuuijhsxYygZpOPtWMUni', 133, CURRENT_TIMESTAMP(), CURRENT_TIMESTAMP(), true),
(134, '15ccd152-1537-48d4-a55a-fd6565e5d86f', 'test_134', '$2a$10$UZeOZKD1.dj5oiTsZKD03OETA9FXCKGqBuuijhsxYygZpOPtWMUni', 134, CURRENT_TIMESTAMP(), CURRENT_TIMESTAMP(), true),
(135, '6b2f4fc1-3e98-4f64-8fb4-517d2d4b3fa3', 'test_135', '$2a$10$UZeOZKD1.dj5oiTsZKD03OETA9FXCKGqBuuijhsxYygZpOPtWMUni', 135, CURRENT_TIMESTAMP(), CURRENT_TIMESTAMP(), true),
(136, '398081ee-9c3c-4e5d-802c-90a4579030d4', 'test_136', '$2a$10$UZeOZKD1.dj5oiTsZKD03OETA9FXCKGqBuuijhsxYygZpOPtWMUni', 136, CURRENT_TIMESTAMP(), CURRENT_TIMESTAMP(), true),
(137, '89a32317-dd45-481d-91a4-080e30c1f29e', 'test_137', '$2a$10$UZeOZKD1.dj5oiTsZKD03OETA9FXCKGqBuuijhsxYygZpOPtWMUni', 137, CURRENT_TIMESTAMP(), CURRENT_TIMESTAMP(), true),
(138, '6dc0aa56-011d-45b8-bf26-cb03e8b40ccf', 'test_138', '$2a$10$UZeOZKD1.dj5oiTsZKD03OETA9FXCKGqBuuijhsxYygZpOPtWMUni', 138, CURRENT_TIMESTAMP(), CURRENT_TIMESTAMP(), true),
(139, 'cd62277e-5acf-41af-acea-b4d208cba29e', 'test_139', '$2a$10$UZeOZKD1.dj5oiTsZKD03OETA9FXCKGqBuuijhsxYygZpOPtWMUni', 139, CURRENT_TIMESTAMP(), CURRENT_TIMESTAMP(), true),
(140, '0ae29eac-64ee-45b4-a2e7-e58b34c7ff0e', 'test_140', '$2a$10$UZeOZKD1.dj5oiTsZKD03OETA9FXCKGqBuuijhsxYygZpOPtWMUni', 140, CURRENT_TIMESTAMP(), CURRENT_TIMESTAMP(), true),
(141, '0f7fe907-fa84-429e-8057-02d809375ba3', 'test_141', '$2a$10$UZeOZKD1.dj5oiTsZKD03OETA9FXCKGqBuuijhsxYygZpOPtWMUni', 141, CURRENT_TIMESTAMP(), CURRENT_TIMESTAMP(), true),
(142, '7aa4a733-d318-4392-b3d3-6618263f667d', 'test_142', '$2a$10$UZeOZKD1.dj5oiTsZKD03OETA9FXCKGqBuuijhsxYygZpOPtWMUni', 142, CURRENT_TIMESTAMP(), CURRENT_TIMESTAMP(), true),
(143, 'b1d9b1ac-e77c-4d55-a895-cf0788ed2174', 'test_143', '$2a$10$UZeOZKD1.dj5oiTsZKD03OETA9FXCKGqBuuijhsxYygZpOPtWMUni', 143, CURRENT_TIMESTAMP(), CURRENT_TIMESTAMP(), true),
(144, 'f975f1f7-ad05-4d66-9905-d44c13cbd08b', 'test_144', '$2a$10$UZeOZKD1.dj5oiTsZKD03OETA9FXCKGqBuuijhsxYygZpOPtWMUni', 144, CURRENT_TIMESTAMP(), CURRENT_TIMESTAMP(), true),
(145, '857f6e6d-e415-4850-a82b-59d557864910', 'test_145', '$2a$10$UZeOZKD1.dj5oiTsZKD03OETA9FXCKGqBuuijhsxYygZpOPtWMUni', 145, CURRENT_TIMESTAMP(), CURRENT_TIMESTAMP(), true),
(146, '4e1c059c-1d06-4997-8bfa-5bd09fdb4571', 'test_146', '$2a$10$UZeOZKD1.dj5oiTsZKD03OETA9FXCKGqBuuijhsxYygZpOPtWMUni', 146, CURRENT_TIMESTAMP(), CURRENT_TIMESTAMP(), true),
(147, 'f4a0bc7f-b279-4caf-b8d1-c86a3c106f62', 'test_147', '$2a$10$UZeOZKD1.dj5oiTsZKD03OETA9FXCKGqBuuijhsxYygZpOPtWMUni', 147, CURRENT_TIMESTAMP(), CURRENT_TIMESTAMP(), true),
(148, '007bbb9d-55b1-4f5e-80a5-bbcb22073db4', 'test_148', '$2a$10$UZeOZKD1.dj5oiTsZKD03OETA9FXCKGqBuuijhsxYygZpOPtWMUni', 148, CURRENT_TIMESTAMP(), CURRENT_TIMESTAMP(), true),
(149, 'a1d22bbf-9afe-49da-b75d-b58f825db351', 'test_149', '$2a$10$UZeOZKD1.dj5oiTsZKD03OETA9FXCKGqBuuijhsxYygZpOPtWMUni', 149, CURRENT_TIMESTAMP(), CURRENT_TIMESTAMP(), true),
(150, '8c2351d5-5460-4b2d-b1bb-7b086130090e', 'test_150', '$2a$10$UZeOZKD1.dj5oiTsZKD03OETA9FXCKGqBuuijhsxYygZpOPtWMUni', 150, CURRENT_TIMESTAMP(), CURRENT_TIMESTAMP(), true),
(151, 'e6651896-66f8-4f63-b44f-71710fdb947c', 'test_151', '$2a$10$UZeOZKD1.dj5oiTsZKD03OETA9FXCKGqBuuijhsxYygZpOPtWMUni', 151, CURRENT_TIMESTAMP(), CURRENT_TIMESTAMP(), true),
(152, 'caf04a3c-8f35-40a3-99b6-48ba6a05d8b8', 'test_152', '$2a$10$UZeOZKD1.dj5oiTsZKD03OETA9FXCKGqBuuijhsxYygZpOPtWMUni', 152, CURRENT_TIMESTAMP(), CURRENT_TIMESTAMP(), true),
(153, 'd501e485-a306-4c9d-9baf-cc75f2321cfd', 'test_153', '$2a$10$UZeOZKD1.dj5oiTsZKD03OETA9FXCKGqBuuijhsxYygZpOPtWMUni', 153, CURRENT_TIMESTAMP(), CURRENT_TIMESTAMP(), true),
(154, '57466d38-cae8-48bf-ac67-2cfc0266b5b0', 'test_154', '$2a$10$UZeOZKD1.dj5oiTsZKD03OETA9FXCKGqBuuijhsxYygZpOPtWMUni', 154, CURRENT_TIMESTAMP(), CURRENT_TIMESTAMP(), true),
(155, '4bd5f059-f014-4356-8083-9c1a77adb6fd', 'test_155', '$2a$10$UZeOZKD1.dj5oiTsZKD03OETA9FXCKGqBuuijhsxYygZpOPtWMUni', 155, CURRENT_TIMESTAMP(), CURRENT_TIMESTAMP(), true),
(156, '69130f52-f251-46fd-99ee-d646938e5f3f', 'test_156', '$2a$10$UZeOZKD1.dj5oiTsZKD03OETA9FXCKGqBuuijhsxYygZpOPtWMUni', 156, CURRENT_TIMESTAMP(), CURRENT_TIMESTAMP(), true),
(157, 'dedfb4f0-a545-44b3-abba-dd77103db894', 'test_157', '$2a$10$UZeOZKD1.dj5oiTsZKD03OETA9FXCKGqBuuijhsxYygZpOPtWMUni', 157, CURRENT_TIMESTAMP(), CURRENT_TIMESTAMP(), true),
(158, 'b5d98a8b-3780-4ace-ace1-ac12829dc469', 'test_158', '$2a$10$UZeOZKD1.dj5oiTsZKD03OETA9FXCKGqBuuijhsxYygZpOPtWMUni', 158, CURRENT_TIMESTAMP(), CURRENT_TIMESTAMP(), true),
(159, '17de2f08-37fe-469d-b7b1-0e9ea9c6d2d8', 'test_159', '$2a$10$UZeOZKD1.dj5oiTsZKD03OETA9FXCKGqBuuijhsxYygZpOPtWMUni', 159, CURRENT_TIMESTAMP(), CURRENT_TIMESTAMP(), true),
(160, '313abc40-4c88-45df-89e7-bd7bbf97b0fd', 'test_160', '$2a$10$UZeOZKD1.dj5oiTsZKD03OETA9FXCKGqBuuijhsxYygZpOPtWMUni', 160, CURRENT_TIMESTAMP(), CURRENT_TIMESTAMP(), true),
(161, 'c5d7fc06-16fc-4711-be37-27bbf2c2c07c', 'test_161', '$2a$10$UZeOZKD1.dj5oiTsZKD03OETA9FXCKGqBuuijhsxYygZpOPtWMUni', 161, CURRENT_TIMESTAMP(), CURRENT_TIMESTAMP(), true),
(162, 'ca31bf4d-f5da-4fc4-ae36-fd3cc0d35d7f', 'test_162', '$2a$10$UZeOZKD1.dj5oiTsZKD03OETA9FXCKGqBuuijhsxYygZpOPtWMUni', 162, CURRENT_TIMESTAMP(), CURRENT_TIMESTAMP(), true),
(163, 'dc98bb8e-4b91-4915-86fb-476c9503a936', 'test_163', '$2a$10$UZeOZKD1.dj5oiTsZKD03OETA9FXCKGqBuuijhsxYygZpOPtWMUni', 163, CURRENT_TIMESTAMP(), CURRENT_TIMESTAMP(), true),
(164, '79dd006c-0e4c-4a79-8600-ef8a0ae5bc04', 'test_164', '$2a$10$UZeOZKD1.dj5oiTsZKD03OETA9FXCKGqBuuijhsxYygZpOPtWMUni', 164, CURRENT_TIMESTAMP(), CURRENT_TIMESTAMP(), true),
(165, '05cdc1f7-7787-43d6-80c6-588277fefb9b', 'test_165', '$2a$10$UZeOZKD1.dj5oiTsZKD03OETA9FXCKGqBuuijhsxYygZpOPtWMUni', 165, CURRENT_TIMESTAMP(), CURRENT_TIMESTAMP(), true),
(166, 'dcdeb139-71ab-44f5-a709-ab33fec49882', 'test_166', '$2a$10$UZeOZKD1.dj5oiTsZKD03OETA9FXCKGqBuuijhsxYygZpOPtWMUni', 166, CURRENT_TIMESTAMP(), CURRENT_TIMESTAMP(), true),
(167, '35a98804-b05e-47b0-917b-d72a4d4a5240', 'test_167', '$2a$10$UZeOZKD1.dj5oiTsZKD03OETA9FXCKGqBuuijhsxYygZpOPtWMUni', 167, CURRENT_TIMESTAMP(), CURRENT_TIMESTAMP(), true),
(168, '5e4d4351-82c7-438d-8f83-ee2b7ebe1fe3', 'test_168', '$2a$10$UZeOZKD1.dj5oiTsZKD03OETA9FXCKGqBuuijhsxYygZpOPtWMUni', 168, CURRENT_TIMESTAMP(), CURRENT_TIMESTAMP(), true),
(169, 'e1a205e2-f202-402d-8542-4cfc529ef514', 'test_169', '$2a$10$UZeOZKD1.dj5oiTsZKD03OETA9FXCKGqBuuijhsxYygZpOPtWMUni', 169, CURRENT_TIMESTAMP(), CURRENT_TIMESTAMP(), true),
(170, 'a2e6271e-5b30-42d1-a211-494b98832676', 'test_170', '$2a$10$UZeOZKD1.dj5oiTsZKD03OETA9FXCKGqBuuijhsxYygZpOPtWMUni', 170, CURRENT_TIMESTAMP(), CURRENT_TIMESTAMP(), true),
(171, '68515954-75ea-4022-9581-4cb4d28c6d6d', 'test_171', '$2a$10$UZeOZKD1.dj5oiTsZKD03OETA9FXCKGqBuuijhsxYygZpOPtWMUni', 171, CURRENT_TIMESTAMP(), CURRENT_TIMESTAMP(), true),
(172, '41663b84-06b5-4787-a49e-1f745ca1eab3', 'test_172', '$2a$10$UZeOZKD1.dj5oiTsZKD03OETA9FXCKGqBuuijhsxYygZpOPtWMUni', 172, CURRENT_TIMESTAMP(), CURRENT_TIMESTAMP(), true),
(173, 'b257f456-bdae-4c58-8519-756abbda462a', 'test_173', '$2a$10$UZeOZKD1.dj5oiTsZKD03OETA9FXCKGqBuuijhsxYygZpOPtWMUni', 173, CURRENT_TIMESTAMP(), CURRENT_TIMESTAMP(), true),
(174, 'd848b9cb-05e4-4dcf-b9b7-431d83c41810', 'test_174', '$2a$10$UZeOZKD1.dj5oiTsZKD03OETA9FXCKGqBuuijhsxYygZpOPtWMUni', 174, CURRENT_TIMESTAMP(), CURRENT_TIMESTAMP(), true),
(175, 'b6859250-dcca-47ef-b013-f609468d2389', 'test_175', '$2a$10$UZeOZKD1.dj5oiTsZKD03OETA9FXCKGqBuuijhsxYygZpOPtWMUni', 175, CURRENT_TIMESTAMP(), CURRENT_TIMESTAMP(), true),
(176, 'e18bc682-897b-4696-a5ef-eee37a52a3de', 'test_176', '$2a$10$UZeOZKD1.dj5oiTsZKD03OETA9FXCKGqBuuijhsxYygZpOPtWMUni', 176, CURRENT_TIMESTAMP(), CURRENT_TIMESTAMP(), true),
(177, '6b00471d-f496-4335-8209-5a9e13d18b9e', 'test_177', '$2a$10$UZeOZKD1.dj5oiTsZKD03OETA9FXCKGqBuuijhsxYygZpOPtWMUni', 177, CURRENT_TIMESTAMP(), CURRENT_TIMESTAMP(), true),
(178, '35664644-7b32-4503-86f4-76adbb57762c', 'test_178', '$2a$10$UZeOZKD1.dj5oiTsZKD03OETA9FXCKGqBuuijhsxYygZpOPtWMUni', 178, CURRENT_TIMESTAMP(), CURRENT_TIMESTAMP(), true),
(179, '7890415f-6563-4f25-bdf3-a5f45159a1b1', 'test_179', '$2a$10$UZeOZKD1.dj5oiTsZKD03OETA9FXCKGqBuuijhsxYygZpOPtWMUni', 179, CURRENT_TIMESTAMP(), CURRENT_TIMESTAMP(), true),
(180, 'a1edf880-e270-4dac-b69f-73e61c517397', 'test_180', '$2a$10$UZeOZKD1.dj5oiTsZKD03OETA9FXCKGqBuuijhsxYygZpOPtWMUni', 180, CURRENT_TIMESTAMP(), CURRENT_TIMESTAMP(), true),
(181, '73520029-5901-4022-b9da-38ccd73fe799', 'test_181', '$2a$10$UZeOZKD1.dj5oiTsZKD03OETA9FXCKGqBuuijhsxYygZpOPtWMUni', 181, CURRENT_TIMESTAMP(), CURRENT_TIMESTAMP(), true),
(182, 'de5825a3-c585-45b3-88a1-7e5e80686826', 'test_182', '$2a$10$UZeOZKD1.dj5oiTsZKD03OETA9FXCKGqBuuijhsxYygZpOPtWMUni', 182, CURRENT_TIMESTAMP(), CURRENT_TIMESTAMP(), true),
(183, 'bb50b80a-f471-4f64-85fb-4e5051708a4a', 'test_183', '$2a$10$UZeOZKD1.dj5oiTsZKD03OETA9FXCKGqBuuijhsxYygZpOPtWMUni', 183, CURRENT_TIMESTAMP(), CURRENT_TIMESTAMP(), true),
(184, 'b7aa98b9-30da-468c-8566-06a5b804c4b9', 'test_184', '$2a$10$UZeOZKD1.dj5oiTsZKD03OETA9FXCKGqBuuijhsxYygZpOPtWMUni', 184, CURRENT_TIMESTAMP(), CURRENT_TIMESTAMP(), true),
(185, 'c230e253-f874-4365-8b0e-7ba5ebc1cc26', 'test_185', '$2a$10$UZeOZKD1.dj5oiTsZKD03OETA9FXCKGqBuuijhsxYygZpOPtWMUni', 185, CURRENT_TIMESTAMP(), CURRENT_TIMESTAMP(), true),
(186, '7593dbbf-9286-460b-a234-32b560817f60', 'test_186', '$2a$10$UZeOZKD1.dj5oiTsZKD03OETA9FXCKGqBuuijhsxYygZpOPtWMUni', 186, CURRENT_TIMESTAMP(), CURRENT_TIMESTAMP(), true),
(187, 'ee1e2ce5-da23-4576-84e3-ad7cf4e0ce26', 'test_187', '$2a$10$UZeOZKD1.dj5oiTsZKD03OETA9FXCKGqBuuijhsxYygZpOPtWMUni', 187, CURRENT_TIMESTAMP(), CURRENT_TIMESTAMP(), true),
(188, 'bf1cc1be-f405-4282-b7be-9a4578670046', 'test_188', '$2a$10$UZeOZKD1.dj5oiTsZKD03OETA9FXCKGqBuuijhsxYygZpOPtWMUni', 188, CURRENT_TIMESTAMP(), CURRENT_TIMESTAMP(), true),
(189, 'e5ed670a-f944-40f0-8c10-d41c3350ead5', 'test_189', '$2a$10$UZeOZKD1.dj5oiTsZKD03OETA9FXCKGqBuuijhsxYygZpOPtWMUni', 189, CURRENT_TIMESTAMP(), CURRENT_TIMESTAMP(), true),
(190, '8370db5c-e196-451a-9f5f-9b99c570cf46', 'test_190', '$2a$10$UZeOZKD1.dj5oiTsZKD03OETA9FXCKGqBuuijhsxYygZpOPtWMUni', 190, CURRENT_TIMESTAMP(), CURRENT_TIMESTAMP(), true),
(191, '81498342-d247-4a60-80de-2c4cb4b1a84d', 'test_191', '$2a$10$UZeOZKD1.dj5oiTsZKD03OETA9FXCKGqBuuijhsxYygZpOPtWMUni', 191, CURRENT_TIMESTAMP(), CURRENT_TIMESTAMP(), true),
(192, '213f1b3c-516e-4a6f-9785-d8c85d32f83e', 'test_192', '$2a$10$UZeOZKD1.dj5oiTsZKD03OETA9FXCKGqBuuijhsxYygZpOPtWMUni', 192, CURRENT_TIMESTAMP(), CURRENT_TIMESTAMP(), true),
(193, '08ba27e6-b1b5-4d9e-a64a-6b5bc538bf43', 'test_193', '$2a$10$UZeOZKD1.dj5oiTsZKD03OETA9FXCKGqBuuijhsxYygZpOPtWMUni', 193, CURRENT_TIMESTAMP(), CURRENT_TIMESTAMP(), true),
(194, 'cf0cfa8e-377c-44a0-a6d1-a74ce1de08fb', 'test_194', '$2a$10$UZeOZKD1.dj5oiTsZKD03OETA9FXCKGqBuuijhsxYygZpOPtWMUni', 194, CURRENT_TIMESTAMP(), CURRENT_TIMESTAMP(), true),
(195, '2ea66412-8dc2-4081-8d48-e3637ca82604', 'test_195', '$2a$10$UZeOZKD1.dj5oiTsZKD03OETA9FXCKGqBuuijhsxYygZpOPtWMUni', 195, CURRENT_TIMESTAMP(), CURRENT_TIMESTAMP(), true),
(196, '4ed466eb-ee51-4433-9d0f-3a56216698a2', 'test_196', '$2a$10$UZeOZKD1.dj5oiTsZKD03OETA9FXCKGqBuuijhsxYygZpOPtWMUni', 196, CURRENT_TIMESTAMP(), CURRENT_TIMESTAMP(), true),
(197, 'cc03fc51-097d-43d6-bb6c-a0df72ec4838', 'test_197', '$2a$10$UZeOZKD1.dj5oiTsZKD03OETA9FXCKGqBuuijhsxYygZpOPtWMUni', 197, CURRENT_TIMESTAMP(), CURRENT_TIMESTAMP(), true),
(198, '11844e66-8146-4263-aaa6-1fde7e5cfc58', 'test_198', '$2a$10$UZeOZKD1.dj5oiTsZKD03OETA9FXCKGqBuuijhsxYygZpOPtWMUni', 198, CURRENT_TIMESTAMP(), CURRENT_TIMESTAMP(), true),
(199, 'b5a954c6-69a9-473c-a4c4-83c4f7a88c1c', 'test_199', '$2a$10$UZeOZKD1.dj5oiTsZKD03OETA9FXCKGqBuuijhsxYygZpOPtWMUni', 199, CURRENT_TIMESTAMP(), CURRENT_TIMESTAMP(), true),
(200, '167e359e-7833-4ce2-9f8b-f035cee39505', 'test_200', '$2a$10$UZeOZKD1.dj5oiTsZKD03OETA9FXCKGqBuuijhsxYygZpOPtWMUni', 200, CURRENT_TIMESTAMP(), CURRENT_TIMESTAMP(), true),
(201, '5afb5430-a023-4a50-aa92-b134a0fb68b3', 'test_201', '$2a$10$UZeOZKD1.dj5oiTsZKD03OETA9FXCKGqBuuijhsxYygZpOPtWMUni', 201, CURRENT_TIMESTAMP(), CURRENT_TIMESTAMP(), true),
(202, 'de17b155-307c-4f9b-81f3-7f8b73d2526a', 'test_202', '$2a$10$UZeOZKD1.dj5oiTsZKD03OETA9FXCKGqBuuijhsxYygZpOPtWMUni', 202, CURRENT_TIMESTAMP(), CURRENT_TIMESTAMP(), true),
(203, 'c966145b-ac05-4a2c-874d-f7b585d1d03b', 'test_203', '$2a$10$UZeOZKD1.dj5oiTsZKD03OETA9FXCKGqBuuijhsxYygZpOPtWMUni', 203, CURRENT_TIMESTAMP(), CURRENT_TIMESTAMP(), true),
(204, '1d88ea5a-ab5f-40b1-bd48-f18f86eef5d9', 'test_204', '$2a$10$UZeOZKD1.dj5oiTsZKD03OETA9FXCKGqBuuijhsxYygZpOPtWMUni', 204, CURRENT_TIMESTAMP(), CURRENT_TIMESTAMP(), true),
(205, '6cb0be93-7829-4bfc-ba4a-4d2cdff45447', 'test_205', '$2a$10$UZeOZKD1.dj5oiTsZKD03OETA9FXCKGqBuuijhsxYygZpOPtWMUni', 205, CURRENT_TIMESTAMP(), CURRENT_TIMESTAMP(), true),
(206, 'e31a2ca7-fcaa-4b98-aac9-7e78f8605851', 'test_206', '$2a$10$UZeOZKD1.dj5oiTsZKD03OETA9FXCKGqBuuijhsxYygZpOPtWMUni', 206, CURRENT_TIMESTAMP(), CURRENT_TIMESTAMP(), true),
(207, 'f26899b7-64e0-4c16-9134-cef3774f1614', 'test_207', '$2a$10$UZeOZKD1.dj5oiTsZKD03OETA9FXCKGqBuuijhsxYygZpOPtWMUni', 207, CURRENT_TIMESTAMP(), CURRENT_TIMESTAMP(), true),
(208, '606cf6ab-6b5e-45d1-83b8-e535b197d2f0', 'test_208', '$2a$10$UZeOZKD1.dj5oiTsZKD03OETA9FXCKGqBuuijhsxYygZpOPtWMUni', 208, CURRENT_TIMESTAMP(), CURRENT_TIMESTAMP(), true),
(209, '617bfc4e-17b1-4ca7-b736-58a74c267747', 'test_209', '$2a$10$UZeOZKD1.dj5oiTsZKD03OETA9FXCKGqBuuijhsxYygZpOPtWMUni', 209, CURRENT_TIMESTAMP(), CURRENT_TIMESTAMP(), true),
(210, 'e5c26b7a-17bd-47ce-aac8-1430c57b8152', 'test_210', '$2a$10$UZeOZKD1.dj5oiTsZKD03OETA9FXCKGqBuuijhsxYygZpOPtWMUni', 210, CURRENT_TIMESTAMP(), CURRENT_TIMESTAMP(), true),
(211, '7747bff5-b1e5-49b9-9a87-f93a5b790df0', 'test_211', '$2a$10$UZeOZKD1.dj5oiTsZKD03OETA9FXCKGqBuuijhsxYygZpOPtWMUni', 211, CURRENT_TIMESTAMP(), CURRENT_TIMESTAMP(), true),
(212, 'c6e5b631-1e91-4ecd-8358-214eec07a91d', 'test_212', '$2a$10$UZeOZKD1.dj5oiTsZKD03OETA9FXCKGqBuuijhsxYygZpOPtWMUni', 212, CURRENT_TIMESTAMP(), CURRENT_TIMESTAMP(), true),
(213, 'a874c7bd-97ac-4f48-bda5-7d3305d9067d', 'test_213', '$2a$10$UZeOZKD1.dj5oiTsZKD03OETA9FXCKGqBuuijhsxYygZpOPtWMUni', 213, CURRENT_TIMESTAMP(), CURRENT_TIMESTAMP(), true),
(214, 'c7938cc2-8032-424b-8f49-85558f95364b', 'test_214', '$2a$10$UZeOZKD1.dj5oiTsZKD03OETA9FXCKGqBuuijhsxYygZpOPtWMUni', 214, CURRENT_TIMESTAMP(), CURRENT_TIMESTAMP(), true),
(215, '46017ce9-d4dd-4ddc-8b73-d596e23d25ad', 'test_215', '$2a$10$UZeOZKD1.dj5oiTsZKD03OETA9FXCKGqBuuijhsxYygZpOPtWMUni', 215, CURRENT_TIMESTAMP(), CURRENT_TIMESTAMP(), true),
(216, 'd5e66fd2-232e-476d-8de0-2bc1eb59630d', 'test_216', '$2a$10$UZeOZKD1.dj5oiTsZKD03OETA9FXCKGqBuuijhsxYygZpOPtWMUni', 216, CURRENT_TIMESTAMP(), CURRENT_TIMESTAMP(), true),
(217, '097dc614-bc56-4f5f-a190-3ca1716a6400', 'test_217', '$2a$10$UZeOZKD1.dj5oiTsZKD03OETA9FXCKGqBuuijhsxYygZpOPtWMUni', 217, CURRENT_TIMESTAMP(), CURRENT_TIMESTAMP(), true),
(218, 'a3b97132-067f-4839-9b99-830a7fb659d4', 'test_218', '$2a$10$UZeOZKD1.dj5oiTsZKD03OETA9FXCKGqBuuijhsxYygZpOPtWMUni', 218, CURRENT_TIMESTAMP(), CURRENT_TIMESTAMP(), true),
(219, '8d35557f-7451-4c54-bb17-9c3d204c48d3', 'test_219', '$2a$10$UZeOZKD1.dj5oiTsZKD03OETA9FXCKGqBuuijhsxYygZpOPtWMUni', 219, CURRENT_TIMESTAMP(), CURRENT_TIMESTAMP(), true),
(220, 'a6fba1ff-a5d7-4907-8cd4-1caa27cad85d', 'test_220', '$2a$10$UZeOZKD1.dj5oiTsZKD03OETA9FXCKGqBuuijhsxYygZpOPtWMUni', 220, CURRENT_TIMESTAMP(), CURRENT_TIMESTAMP(), true),
(221, '427feb36-4401-4971-83de-f93672c028aa', 'test_221', '$2a$10$UZeOZKD1.dj5oiTsZKD03OETA9FXCKGqBuuijhsxYygZpOPtWMUni', 221, CURRENT_TIMESTAMP(), CURRENT_TIMESTAMP(), true),
(222, '66541083-b1ab-4966-9f8b-8a1109fce0e0', 'test_222', '$2a$10$UZeOZKD1.dj5oiTsZKD03OETA9FXCKGqBuuijhsxYygZpOPtWMUni', 222, CURRENT_TIMESTAMP(), CURRENT_TIMESTAMP(), true),
(223, '9939c37c-a9b9-43b7-9a4b-aacc470d47c4', 'test_223', '$2a$10$UZeOZKD1.dj5oiTsZKD03OETA9FXCKGqBuuijhsxYygZpOPtWMUni', 223, CURRENT_TIMESTAMP(), CURRENT_TIMESTAMP(), true),
(224, '754379a0-bdc2-4a2d-9828-9480926b30ad', 'test_224', '$2a$10$UZeOZKD1.dj5oiTsZKD03OETA9FXCKGqBuuijhsxYygZpOPtWMUni', 224, CURRENT_TIMESTAMP(), CURRENT_TIMESTAMP(), true),
(225, '18c870a1-9e2c-48fb-8a52-259e55e2052e', 'test_225', '$2a$10$UZeOZKD1.dj5oiTsZKD03OETA9FXCKGqBuuijhsxYygZpOPtWMUni', 225, CURRENT_TIMESTAMP(), CURRENT_TIMESTAMP(), true),
(226, '02df9a97-b44c-4c46-ab3a-c11010d45e18', 'test_226', '$2a$10$UZeOZKD1.dj5oiTsZKD03OETA9FXCKGqBuuijhsxYygZpOPtWMUni', 226, CURRENT_TIMESTAMP(), CURRENT_TIMESTAMP(), true),
(227, '20f609f7-c128-46b5-abeb-d16d46aab9ad', 'test_227', '$2a$10$UZeOZKD1.dj5oiTsZKD03OETA9FXCKGqBuuijhsxYygZpOPtWMUni', 227, CURRENT_TIMESTAMP(), CURRENT_TIMESTAMP(), true),
(228, '75067ca5-872c-4149-85ad-f6685f14efc0', 'test_228', '$2a$10$UZeOZKD1.dj5oiTsZKD03OETA9FXCKGqBuuijhsxYygZpOPtWMUni', 228, CURRENT_TIMESTAMP(), CURRENT_TIMESTAMP(), true),
(229, 'b8639303-d15f-4c81-b9d2-2863f53737c3', 'test_229', '$2a$10$UZeOZKD1.dj5oiTsZKD03OETA9FXCKGqBuuijhsxYygZpOPtWMUni', 229, CURRENT_TIMESTAMP(), CURRENT_TIMESTAMP(), true),
(230, 'a0c4d9ea-7659-4009-ac7c-a3f089def76d', 'test_230', '$2a$10$UZeOZKD1.dj5oiTsZKD03OETA9FXCKGqBuuijhsxYygZpOPtWMUni', 230, CURRENT_TIMESTAMP(), CURRENT_TIMESTAMP(), true),
(231, 'd3605113-fb9a-4640-b6fe-9931594eba6c', 'test_231', '$2a$10$UZeOZKD1.dj5oiTsZKD03OETA9FXCKGqBuuijhsxYygZpOPtWMUni', 231, CURRENT_TIMESTAMP(), CURRENT_TIMESTAMP(), true),
(232, 'bf59d2cc-dd79-4ad6-9637-b04098768600', 'test_232', '$2a$10$UZeOZKD1.dj5oiTsZKD03OETA9FXCKGqBuuijhsxYygZpOPtWMUni', 232, CURRENT_TIMESTAMP(), CURRENT_TIMESTAMP(), true),
(233, '304d5f24-274e-4fd6-aca4-97b761d1bd0c', 'test_233', '$2a$10$UZeOZKD1.dj5oiTsZKD03OETA9FXCKGqBuuijhsxYygZpOPtWMUni', 233, CURRENT_TIMESTAMP(), CURRENT_TIMESTAMP(), true),
(234, '0d9491c3-c28b-4c11-8e28-14d93e612e35', 'test_234', '$2a$10$UZeOZKD1.dj5oiTsZKD03OETA9FXCKGqBuuijhsxYygZpOPtWMUni', 234, CURRENT_TIMESTAMP(), CURRENT_TIMESTAMP(), true),
(235, 'f73a809f-78a6-4214-8060-d6037fe391aa', 'test_235', '$2a$10$UZeOZKD1.dj5oiTsZKD03OETA9FXCKGqBuuijhsxYygZpOPtWMUni', 235, CURRENT_TIMESTAMP(), CURRENT_TIMESTAMP(), true),
(236, '11cc494a-86a4-44d2-b5fd-06438f95d6a4', 'test_236', '$2a$10$UZeOZKD1.dj5oiTsZKD03OETA9FXCKGqBuuijhsxYygZpOPtWMUni', 236, CURRENT_TIMESTAMP(), CURRENT_TIMESTAMP(), true),
(237, '55b2e8cc-aaa4-4a8b-8a83-f732188cfab2', 'test_237', '$2a$10$UZeOZKD1.dj5oiTsZKD03OETA9FXCKGqBuuijhsxYygZpOPtWMUni', 237, CURRENT_TIMESTAMP(), CURRENT_TIMESTAMP(), true),
(238, 'ebe14f0a-7bf7-4614-83c8-1e2da963139a', 'test_238', '$2a$10$UZeOZKD1.dj5oiTsZKD03OETA9FXCKGqBuuijhsxYygZpOPtWMUni', 238, CURRENT_TIMESTAMP(), CURRENT_TIMESTAMP(), true),
(239, '3e83b092-95a1-4ee4-ac1f-e9df2f3954ad', 'test_239', '$2a$10$UZeOZKD1.dj5oiTsZKD03OETA9FXCKGqBuuijhsxYygZpOPtWMUni', 239, CURRENT_TIMESTAMP(), CURRENT_TIMESTAMP(), true),
(240, '7304efcc-7974-453e-b2db-fdcc848f8a24', 'test_240', '$2a$10$UZeOZKD1.dj5oiTsZKD03OETA9FXCKGqBuuijhsxYygZpOPtWMUni', 240, CURRENT_TIMESTAMP(), CURRENT_TIMESTAMP(), true),
(241, '6b0b51e8-f058-42a6-a9ed-3b6ebde935d8', 'test_241', '$2a$10$UZeOZKD1.dj5oiTsZKD03OETA9FXCKGqBuuijhsxYygZpOPtWMUni', 241, CURRENT_TIMESTAMP(), CURRENT_TIMESTAMP(), true),
(242, 'c10f6de1-a64d-4f8f-bd0a-47bcd72ab8f7', 'test_242', '$2a$10$UZeOZKD1.dj5oiTsZKD03OETA9FXCKGqBuuijhsxYygZpOPtWMUni', 242, CURRENT_TIMESTAMP(), CURRENT_TIMESTAMP(), true),
(243, '5537408c-41c6-4ee5-8f59-ca70fcdbd0ae', 'test_243', '$2a$10$UZeOZKD1.dj5oiTsZKD03OETA9FXCKGqBuuijhsxYygZpOPtWMUni', 243, CURRENT_TIMESTAMP(), CURRENT_TIMESTAMP(), true),
(244, '0a920520-e271-42a6-8dc1-89f090023c89', 'test_244', '$2a$10$UZeOZKD1.dj5oiTsZKD03OETA9FXCKGqBuuijhsxYygZpOPtWMUni', 244, CURRENT_TIMESTAMP(), CURRENT_TIMESTAMP(), true),
(245, 'a5120b27-cdd5-4209-b3da-bdf4b53db140', 'test_245', '$2a$10$UZeOZKD1.dj5oiTsZKD03OETA9FXCKGqBuuijhsxYygZpOPtWMUni', 245, CURRENT_TIMESTAMP(), CURRENT_TIMESTAMP(), true),
(246, 'cd0f900a-dab8-4a49-805d-97e57cb5ad4c', 'test_246', '$2a$10$UZeOZKD1.dj5oiTsZKD03OETA9FXCKGqBuuijhsxYygZpOPtWMUni', 246, CURRENT_TIMESTAMP(), CURRENT_TIMESTAMP(), true),
(247, '53b8b68c-0a11-411a-9b4d-01d58c9c0ff0', 'test_247', '$2a$10$UZeOZKD1.dj5oiTsZKD03OETA9FXCKGqBuuijhsxYygZpOPtWMUni', 247, CURRENT_TIMESTAMP(), CURRENT_TIMESTAMP(), true),
(248, '57114ddf-7bb8-4e68-952a-faa83bf276bf', 'test_248', '$2a$10$UZeOZKD1.dj5oiTsZKD03OETA9FXCKGqBuuijhsxYygZpOPtWMUni', 248, CURRENT_TIMESTAMP(), CURRENT_TIMESTAMP(), true),
(249, 'fa04c6fe-1bf0-489e-b0df-9fa4756bb90b', 'test_249', '$2a$10$UZeOZKD1.dj5oiTsZKD03OETA9FXCKGqBuuijhsxYygZpOPtWMUni', 249, CURRENT_TIMESTAMP(), CURRENT_TIMESTAMP(), true),
(250, '5bf5b365-962e-4f6d-9576-94d5ac66cc3c', 'test_250', '$2a$10$UZeOZKD1.dj5oiTsZKD03OETA9FXCKGqBuuijhsxYygZpOPtWMUni', 250, CURRENT_TIMESTAMP(), CURRENT_TIMESTAMP(), true),
(251, 'eca96575-798c-4919-ba93-4f0eca487490', 'test_251', '$2a$10$UZeOZKD1.dj5oiTsZKD03OETA9FXCKGqBuuijhsxYygZpOPtWMUni', 251, CURRENT_TIMESTAMP(), CURRENT_TIMESTAMP(), true),
(252, 'd4e52ad1-ac1c-4f68-8d97-6858c8534f84', 'test_252', '$2a$10$UZeOZKD1.dj5oiTsZKD03OETA9FXCKGqBuuijhsxYygZpOPtWMUni', 252, CURRENT_TIMESTAMP(), CURRENT_TIMESTAMP(), true),
(253, '74f88528-b57b-4482-a417-e7e8cf5ccd87', 'test_253', '$2a$10$UZeOZKD1.dj5oiTsZKD03OETA9FXCKGqBuuijhsxYygZpOPtWMUni', 253, CURRENT_TIMESTAMP(), CURRENT_TIMESTAMP(), true),
(254, 'f1b969bd-2e43-4981-80d1-baeba6afd456', 'test_254', '$2a$10$UZeOZKD1.dj5oiTsZKD03OETA9FXCKGqBuuijhsxYygZpOPtWMUni', 254, CURRENT_TIMESTAMP(), CURRENT_TIMESTAMP(), true),
(255, '11f5bcd3-096b-4b0f-8f1b-fa9292e3f5f3', 'test_255', '$2a$10$UZeOZKD1.dj5oiTsZKD03OETA9FXCKGqBuuijhsxYygZpOPtWMUni', 255, CURRENT_TIMESTAMP(), CURRENT_TIMESTAMP(), true),
(256, 'b937e637-c00b-48de-8dd4-fae260cd9fb9', 'test_256', '$2a$10$UZeOZKD1.dj5oiTsZKD03OETA9FXCKGqBuuijhsxYygZpOPtWMUni', 256, CURRENT_TIMESTAMP(), CURRENT_TIMESTAMP(), true),
(257, '49886ca5-c9a8-4c1f-9ef0-4784495e943c', 'test_257', '$2a$10$UZeOZKD1.dj5oiTsZKD03OETA9FXCKGqBuuijhsxYygZpOPtWMUni', 257, CURRENT_TIMESTAMP(), CURRENT_TIMESTAMP(), true),
(258, '5cf6bbba-f2bf-4704-b288-36edb49a3c7a', 'test_258', '$2a$10$UZeOZKD1.dj5oiTsZKD03OETA9FXCKGqBuuijhsxYygZpOPtWMUni', 258, CURRENT_TIMESTAMP(), CURRENT_TIMESTAMP(), true),
(259, '0a246675-78f2-47d3-a716-f9b85de0e885', 'test_259', '$2a$10$UZeOZKD1.dj5oiTsZKD03OETA9FXCKGqBuuijhsxYygZpOPtWMUni', 259, CURRENT_TIMESTAMP(), CURRENT_TIMESTAMP(), true),
(260, 'b1e2509b-e9e4-40f8-b5c3-4e230e675ca8', 'test_260', '$2a$10$UZeOZKD1.dj5oiTsZKD03OETA9FXCKGqBuuijhsxYygZpOPtWMUni', 260, CURRENT_TIMESTAMP(), CURRENT_TIMESTAMP(), true),
(261, 'c423ca4a-54b4-40f3-859d-d39f7d4cf266', 'test_261', '$2a$10$UZeOZKD1.dj5oiTsZKD03OETA9FXCKGqBuuijhsxYygZpOPtWMUni', 261, CURRENT_TIMESTAMP(), CURRENT_TIMESTAMP(), true),
(262, '1452d005-8038-4092-ba0d-bd690dfdb2e2', 'test_262', '$2a$10$UZeOZKD1.dj5oiTsZKD03OETA9FXCKGqBuuijhsxYygZpOPtWMUni', 262, CURRENT_TIMESTAMP(), CURRENT_TIMESTAMP(), true),
(263, 'f39a1721-6aeb-4f1e-90be-f54684ece8f0', 'test_263', '$2a$10$UZeOZKD1.dj5oiTsZKD03OETA9FXCKGqBuuijhsxYygZpOPtWMUni', 263, CURRENT_TIMESTAMP(), CURRENT_TIMESTAMP(), true),
(264, 'ec2b02db-6eb2-4b9e-aa3b-ef53b6daf005', 'test_264', '$2a$10$UZeOZKD1.dj5oiTsZKD03OETA9FXCKGqBuuijhsxYygZpOPtWMUni', 264, CURRENT_TIMESTAMP(), CURRENT_TIMESTAMP(), true),
(265, 'a6809581-e7b7-4d70-bfdd-c1f302322ee3', 'test_265', '$2a$10$UZeOZKD1.dj5oiTsZKD03OETA9FXCKGqBuuijhsxYygZpOPtWMUni', 265, CURRENT_TIMESTAMP(), CURRENT_TIMESTAMP(), true),
(266, '794e2ba9-518d-4494-8ef0-01669807e10a', 'test_266', '$2a$10$UZeOZKD1.dj5oiTsZKD03OETA9FXCKGqBuuijhsxYygZpOPtWMUni', 266, CURRENT_TIMESTAMP(), CURRENT_TIMESTAMP(), true),
(267, 'c258f48e-7f30-4c16-bd2d-6eed81529157', 'test_267', '$2a$10$UZeOZKD1.dj5oiTsZKD03OETA9FXCKGqBuuijhsxYygZpOPtWMUni', 267, CURRENT_TIMESTAMP(), CURRENT_TIMESTAMP(), true),
(268, 'b7501b84-3a14-44d7-97da-271c416cbd16', 'test_268', '$2a$10$UZeOZKD1.dj5oiTsZKD03OETA9FXCKGqBuuijhsxYygZpOPtWMUni', 268, CURRENT_TIMESTAMP(), CURRENT_TIMESTAMP(), true),
(269, '88b529d5-7804-4c4d-9f35-aa7dd1df0a37', 'test_269', '$2a$10$UZeOZKD1.dj5oiTsZKD03OETA9FXCKGqBuuijhsxYygZpOPtWMUni', 269, CURRENT_TIMESTAMP(), CURRENT_TIMESTAMP(), true),
(270, '0c1b65d3-dee3-4429-864f-115fbbc6a2f4', 'test_270', '$2a$10$UZeOZKD1.dj5oiTsZKD03OETA9FXCKGqBuuijhsxYygZpOPtWMUni', 270, CURRENT_TIMESTAMP(), CURRENT_TIMESTAMP(), true),
(271, '01667b0f-b397-47c1-8cdb-adb3ea7cba06', 'test_271', '$2a$10$UZeOZKD1.dj5oiTsZKD03OETA9FXCKGqBuuijhsxYygZpOPtWMUni', 271, CURRENT_TIMESTAMP(), CURRENT_TIMESTAMP(), true),
(272, 'c8909fda-0453-4f74-a683-bd613fdc70c5', 'test_272', '$2a$10$UZeOZKD1.dj5oiTsZKD03OETA9FXCKGqBuuijhsxYygZpOPtWMUni', 272, CURRENT_TIMESTAMP(), CURRENT_TIMESTAMP(), true),
(273, '796b8703-6f42-433f-b9e6-b115b4df25b0', 'test_273', '$2a$10$UZeOZKD1.dj5oiTsZKD03OETA9FXCKGqBuuijhsxYygZpOPtWMUni', 273, CURRENT_TIMESTAMP(), CURRENT_TIMESTAMP(), true),
(274, 'de8f11f6-7298-4633-ad38-cc94e03314fd', 'test_274', '$2a$10$UZeOZKD1.dj5oiTsZKD03OETA9FXCKGqBuuijhsxYygZpOPtWMUni', 274, CURRENT_TIMESTAMP(), CURRENT_TIMESTAMP(), true),
(275, 'e097f4e6-9c2d-4f35-912e-bd37f5cdec00', 'test_275', '$2a$10$UZeOZKD1.dj5oiTsZKD03OETA9FXCKGqBuuijhsxYygZpOPtWMUni', 275, CURRENT_TIMESTAMP(), CURRENT_TIMESTAMP(), true),
(276, '3e0dab1e-c41f-4c0d-b2e3-d056ba6a3c60', 'test_276', '$2a$10$UZeOZKD1.dj5oiTsZKD03OETA9FXCKGqBuuijhsxYygZpOPtWMUni', 276, CURRENT_TIMESTAMP(), CURRENT_TIMESTAMP(), true),
(277, 'b24cb998-40b7-471c-b55a-48b58b98b2e5', 'test_277', '$2a$10$UZeOZKD1.dj5oiTsZKD03OETA9FXCKGqBuuijhsxYygZpOPtWMUni', 277, CURRENT_TIMESTAMP(), CURRENT_TIMESTAMP(), true),
(278, 'ab2113f4-56a2-4d1d-83a6-a54a763e371e', 'test_278', '$2a$10$UZeOZKD1.dj5oiTsZKD03OETA9FXCKGqBuuijhsxYygZpOPtWMUni', 278, CURRENT_TIMESTAMP(), CURRENT_TIMESTAMP(), true),
(279, '2a2beb83-ccbf-413f-ade2-2fd2f79e5f49', 'test_279', '$2a$10$UZeOZKD1.dj5oiTsZKD03OETA9FXCKGqBuuijhsxYygZpOPtWMUni', 279, CURRENT_TIMESTAMP(), CURRENT_TIMESTAMP(), true),
(280, 'ac53405d-8813-4cf7-ac12-fad7629d5602', 'test_280', '$2a$10$UZeOZKD1.dj5oiTsZKD03OETA9FXCKGqBuuijhsxYygZpOPtWMUni', 280, CURRENT_TIMESTAMP(), CURRENT_TIMESTAMP(), true),
(281, 'b6c7b0e1-38b5-4e00-a22d-45c03d5fdeac', 'test_281', '$2a$10$UZeOZKD1.dj5oiTsZKD03OETA9FXCKGqBuuijhsxYygZpOPtWMUni', 281, CURRENT_TIMESTAMP(), CURRENT_TIMESTAMP(), true),
(282, '8e41ff90-42f5-4736-89a6-24246917555c', 'test_282', '$2a$10$UZeOZKD1.dj5oiTsZKD03OETA9FXCKGqBuuijhsxYygZpOPtWMUni', 282, CURRENT_TIMESTAMP(), CURRENT_TIMESTAMP(), true),
(283, '2b46023a-316f-41ae-955e-01185d67d7a5', 'test_283', '$2a$10$UZeOZKD1.dj5oiTsZKD03OETA9FXCKGqBuuijhsxYygZpOPtWMUni', 283, CURRENT_TIMESTAMP(), CURRENT_TIMESTAMP(), true),
(284, '74c72c06-391e-4c72-92e7-92a5b75ac2da', 'test_284', '$2a$10$UZeOZKD1.dj5oiTsZKD03OETA9FXCKGqBuuijhsxYygZpOPtWMUni', 284, CURRENT_TIMESTAMP(), CURRENT_TIMESTAMP(), true),
(285, '3e1246c2-96f9-4937-be0c-eb187822c3c7', 'test_285', '$2a$10$UZeOZKD1.dj5oiTsZKD03OETA9FXCKGqBuuijhsxYygZpOPtWMUni', 285, CURRENT_TIMESTAMP(), CURRENT_TIMESTAMP(), true),
(286, '7f0e0193-b743-4394-b3e5-86e01813c094', 'test_286', '$2a$10$UZeOZKD1.dj5oiTsZKD03OETA9FXCKGqBuuijhsxYygZpOPtWMUni', 286, CURRENT_TIMESTAMP(), CURRENT_TIMESTAMP(), true),
(287, '886cd06c-c30a-48df-b793-be4bfa2c1eb9', 'test_287', '$2a$10$UZeOZKD1.dj5oiTsZKD03OETA9FXCKGqBuuijhsxYygZpOPtWMUni', 287, CURRENT_TIMESTAMP(), CURRENT_TIMESTAMP(), true),
(288, 'cb7cf6cd-bd2e-4956-be86-5d5935417098', 'test_288', '$2a$10$UZeOZKD1.dj5oiTsZKD03OETA9FXCKGqBuuijhsxYygZpOPtWMUni', 288, CURRENT_TIMESTAMP(), CURRENT_TIMESTAMP(), true),
(289, 'd2e92f17-c26b-44dd-9c60-ca69b0f55b6d', 'test_289', '$2a$10$UZeOZKD1.dj5oiTsZKD03OETA9FXCKGqBuuijhsxYygZpOPtWMUni', 289, CURRENT_TIMESTAMP(), CURRENT_TIMESTAMP(), true),
(290, 'ea3a53a1-b451-4d7b-9b9f-2b6790de314d', 'test_290', '$2a$10$UZeOZKD1.dj5oiTsZKD03OETA9FXCKGqBuuijhsxYygZpOPtWMUni', 290, CURRENT_TIMESTAMP(), CURRENT_TIMESTAMP(), true),
(291, '723f2b0d-3473-445c-a6f2-9c8bb12b6019', 'test_291', '$2a$10$UZeOZKD1.dj5oiTsZKD03OETA9FXCKGqBuuijhsxYygZpOPtWMUni', 291, CURRENT_TIMESTAMP(), CURRENT_TIMESTAMP(), true),
(292, '8f04e723-bb30-4952-a8f5-214845e525dc', 'test_292', '$2a$10$UZeOZKD1.dj5oiTsZKD03OETA9FXCKGqBuuijhsxYygZpOPtWMUni', 292, CURRENT_TIMESTAMP(), CURRENT_TIMESTAMP(), true),
(293, '56e1991e-47e1-4136-9bd0-cd94fa40b3c8', 'test_293', '$2a$10$UZeOZKD1.dj5oiTsZKD03OETA9FXCKGqBuuijhsxYygZpOPtWMUni', 293, CURRENT_TIMESTAMP(), CURRENT_TIMESTAMP(), true),
(294, 'b5ef5b82-483e-4331-ba84-78ece1f72602', 'test_294', '$2a$10$UZeOZKD1.dj5oiTsZKD03OETA9FXCKGqBuuijhsxYygZpOPtWMUni', 294, CURRENT_TIMESTAMP(), CURRENT_TIMESTAMP(), true),
(295, '8238ae4e-5f13-42a3-9d6c-ea60f0ee64a1', 'test_295', '$2a$10$UZeOZKD1.dj5oiTsZKD03OETA9FXCKGqBuuijhsxYygZpOPtWMUni', 295, CURRENT_TIMESTAMP(), CURRENT_TIMESTAMP(), true),
(296, '800a6a1d-1f63-4052-a14a-fcb56ab7e98b', 'test_296', '$2a$10$UZeOZKD1.dj5oiTsZKD03OETA9FXCKGqBuuijhsxYygZpOPtWMUni', 296, CURRENT_TIMESTAMP(), CURRENT_TIMESTAMP(), true),
(297, '2eb884c0-8953-434d-898f-a162ffd44102', 'test_297', '$2a$10$UZeOZKD1.dj5oiTsZKD03OETA9FXCKGqBuuijhsxYygZpOPtWMUni', 297, CURRENT_TIMESTAMP(), CURRENT_TIMESTAMP(), true),
(298, '06363941-bac6-4cc1-b56f-82d9d64d7c12', 'test_298', '$2a$10$UZeOZKD1.dj5oiTsZKD03OETA9FXCKGqBuuijhsxYygZpOPtWMUni', 298, CURRENT_TIMESTAMP(), CURRENT_TIMESTAMP(), true),
(299, 'd8468131-79a2-4003-bf0a-e034a3455af9', 'test_299', '$2a$10$UZeOZKD1.dj5oiTsZKD03OETA9FXCKGqBuuijhsxYygZpOPtWMUni', 299, CURRENT_TIMESTAMP(), CURRENT_TIMESTAMP(), true),
(300, 'e8e5f9d3-4473-46d9-b893-a195d5ccc6b4', 'test_300', '$2a$10$UZeOZKD1.dj5oiTsZKD03OETA9FXCKGqBuuijhsxYygZpOPtWMUni', 300, CURRENT_TIMESTAMP(), CURRENT_TIMESTAMP(), true),
(301, '57db1144-49b7-4930-a214-9bba56c0eab6', 'test_301', '$2a$10$UZeOZKD1.dj5oiTsZKD03OETA9FXCKGqBuuijhsxYygZpOPtWMUni', 301, CURRENT_TIMESTAMP(), CURRENT_TIMESTAMP(), true),
(302, '668a6ec5-142f-467d-891a-57fe10faf4bb', 'test_302', '$2a$10$UZeOZKD1.dj5oiTsZKD03OETA9FXCKGqBuuijhsxYygZpOPtWMUni', 302, CURRENT_TIMESTAMP(), CURRENT_TIMESTAMP(), true),
(303, '9bcd9772-6c90-4c14-8ff4-16fa54744c87', 'test_303', '$2a$10$UZeOZKD1.dj5oiTsZKD03OETA9FXCKGqBuuijhsxYygZpOPtWMUni', 303, CURRENT_TIMESTAMP(), CURRENT_TIMESTAMP(), true),
(304, '6c37ac4e-5213-4d60-8070-fadf3fa3ca38', 'test_304', '$2a$10$UZeOZKD1.dj5oiTsZKD03OETA9FXCKGqBuuijhsxYygZpOPtWMUni', 304, CURRENT_TIMESTAMP(), CURRENT_TIMESTAMP(), true),
(305, 'fb5d7ea0-249f-4a0e-97aa-caa015d148e4', 'test_305', '$2a$10$UZeOZKD1.dj5oiTsZKD03OETA9FXCKGqBuuijhsxYygZpOPtWMUni', 305, CURRENT_TIMESTAMP(), CURRENT_TIMESTAMP(), true),
(306, '26035205-595c-433a-8aba-4e0d6ce103a3', 'test_306', '$2a$10$UZeOZKD1.dj5oiTsZKD03OETA9FXCKGqBuuijhsxYygZpOPtWMUni', 306, CURRENT_TIMESTAMP(), CURRENT_TIMESTAMP(), true),
(307, '1e4a6346-9da9-417c-bfbf-1a3cded61e12', 'test_307', '$2a$10$UZeOZKD1.dj5oiTsZKD03OETA9FXCKGqBuuijhsxYygZpOPtWMUni', 307, CURRENT_TIMESTAMP(), CURRENT_TIMESTAMP(), true),
(308, '3af98cba-0cd4-4ea1-bcdc-c4c91672f038', 'test_308', '$2a$10$UZeOZKD1.dj5oiTsZKD03OETA9FXCKGqBuuijhsxYygZpOPtWMUni', 308, CURRENT_TIMESTAMP(), CURRENT_TIMESTAMP(), true),
(309, 'a073f7ce-dfdc-424c-b4d0-bec7acaae445', 'test_309', '$2a$10$UZeOZKD1.dj5oiTsZKD03OETA9FXCKGqBuuijhsxYygZpOPtWMUni', 309, CURRENT_TIMESTAMP(), CURRENT_TIMESTAMP(), true),
(310, '6524988e-5916-4410-a740-58d1e57d3f93', 'test_310', '$2a$10$UZeOZKD1.dj5oiTsZKD03OETA9FXCKGqBuuijhsxYygZpOPtWMUni', 310, CURRENT_TIMESTAMP(), CURRENT_TIMESTAMP(), true),
(311, '58a190c4-789e-4c97-9fbb-245d3a58c8fe', 'test_311', '$2a$10$UZeOZKD1.dj5oiTsZKD03OETA9FXCKGqBuuijhsxYygZpOPtWMUni', 311, CURRENT_TIMESTAMP(), CURRENT_TIMESTAMP(), true),
(312, '3244773f-b74b-461d-bf9a-916a05980c99', 'test_312', '$2a$10$UZeOZKD1.dj5oiTsZKD03OETA9FXCKGqBuuijhsxYygZpOPtWMUni', 312, CURRENT_TIMESTAMP(), CURRENT_TIMESTAMP(), true),
(313, 'aaed5fa8-6555-43d2-adf4-c672008f8c92', 'test_313', '$2a$10$UZeOZKD1.dj5oiTsZKD03OETA9FXCKGqBuuijhsxYygZpOPtWMUni', 313, CURRENT_TIMESTAMP(), CURRENT_TIMESTAMP(), true),
(314, 'f32415ac-f0fb-4815-bbef-27ba6115a1cc', 'test_314', '$2a$10$UZeOZKD1.dj5oiTsZKD03OETA9FXCKGqBuuijhsxYygZpOPtWMUni', 314, CURRENT_TIMESTAMP(), CURRENT_TIMESTAMP(), true),
(315, '2030b697-b729-40c4-91b1-592e19fd4e73', 'test_315', '$2a$10$UZeOZKD1.dj5oiTsZKD03OETA9FXCKGqBuuijhsxYygZpOPtWMUni', 315, CURRENT_TIMESTAMP(), CURRENT_TIMESTAMP(), true),
(316, 'ee47b98e-ebd5-44ae-8c9a-cbec609415b0', 'test_316', '$2a$10$UZeOZKD1.dj5oiTsZKD03OETA9FXCKGqBuuijhsxYygZpOPtWMUni', 316, CURRENT_TIMESTAMP(), CURRENT_TIMESTAMP(), true),
(317, 'a47459c2-a709-4601-9151-cb57ae13bc8c', 'test_317', '$2a$10$UZeOZKD1.dj5oiTsZKD03OETA9FXCKGqBuuijhsxYygZpOPtWMUni', 317, CURRENT_TIMESTAMP(), CURRENT_TIMESTAMP(), true),
(318, '5e274495-2c02-4f75-9ce2-c730e2686be9', 'test_318', '$2a$10$UZeOZKD1.dj5oiTsZKD03OETA9FXCKGqBuuijhsxYygZpOPtWMUni', 318, CURRENT_TIMESTAMP(), CURRENT_TIMESTAMP(), true),
(319, 'f5f04ca8-f693-4758-9aa6-9a3c55938937', 'test_319', '$2a$10$UZeOZKD1.dj5oiTsZKD03OETA9FXCKGqBuuijhsxYygZpOPtWMUni', 319, CURRENT_TIMESTAMP(), CURRENT_TIMESTAMP(), true),
(320, '5f876faf-2ad7-41f3-906d-2edd9fd2907d', 'test_320', '$2a$10$UZeOZKD1.dj5oiTsZKD03OETA9FXCKGqBuuijhsxYygZpOPtWMUni', 320, CURRENT_TIMESTAMP(), CURRENT_TIMESTAMP(), true),
(321, '3d0665c6-db74-4d48-91cc-ebe39bbae605', 'test_321', '$2a$10$UZeOZKD1.dj5oiTsZKD03OETA9FXCKGqBuuijhsxYygZpOPtWMUni', 321, CURRENT_TIMESTAMP(), CURRENT_TIMESTAMP(), true),
(322, '86c19bce-cb25-47a4-8aba-29c8ad4fc87d', 'test_322', '$2a$10$UZeOZKD1.dj5oiTsZKD03OETA9FXCKGqBuuijhsxYygZpOPtWMUni', 322, CURRENT_TIMESTAMP(), CURRENT_TIMESTAMP(), true),
(323, 'efa06619-2301-4cb4-b9fa-6e9bddef94d7', 'test_323', '$2a$10$UZeOZKD1.dj5oiTsZKD03OETA9FXCKGqBuuijhsxYygZpOPtWMUni', 323, CURRENT_TIMESTAMP(), CURRENT_TIMESTAMP(), true),
(324, '3cfc5976-aa7f-4281-8b43-6ea6eee1ac80', 'test_324', '$2a$10$UZeOZKD1.dj5oiTsZKD03OETA9FXCKGqBuuijhsxYygZpOPtWMUni', 324, CURRENT_TIMESTAMP(), CURRENT_TIMESTAMP(), true),
(325, '19a56d56-1f57-45e6-9c2e-466a17d8c7ba', 'test_325', '$2a$10$UZeOZKD1.dj5oiTsZKD03OETA9FXCKGqBuuijhsxYygZpOPtWMUni', 325, CURRENT_TIMESTAMP(), CURRENT_TIMESTAMP(), true),
(326, '026a45cf-cbeb-4ea9-8d20-21efbe206bad', 'test_326', '$2a$10$UZeOZKD1.dj5oiTsZKD03OETA9FXCKGqBuuijhsxYygZpOPtWMUni', 326, CURRENT_TIMESTAMP(), CURRENT_TIMESTAMP(), true),
(327, '48312cae-f61d-4f87-9b20-a957d1e919ce', 'test_327', '$2a$10$UZeOZKD1.dj5oiTsZKD03OETA9FXCKGqBuuijhsxYygZpOPtWMUni', 327, CURRENT_TIMESTAMP(), CURRENT_TIMESTAMP(), true),
(328, 'e06abc58-f451-4e9e-ac4f-51d5e9d424a6', 'test_328', '$2a$10$UZeOZKD1.dj5oiTsZKD03OETA9FXCKGqBuuijhsxYygZpOPtWMUni', 328, CURRENT_TIMESTAMP(), CURRENT_TIMESTAMP(), true),
(329, '10b58273-4b30-4caf-954c-a1873ca4d6b5', 'test_329', '$2a$10$UZeOZKD1.dj5oiTsZKD03OETA9FXCKGqBuuijhsxYygZpOPtWMUni', 329, CURRENT_TIMESTAMP(), CURRENT_TIMESTAMP(), true),
(330, '008892b7-6479-4e68-adf2-39e7ac29e66e', 'test_330', '$2a$10$UZeOZKD1.dj5oiTsZKD03OETA9FXCKGqBuuijhsxYygZpOPtWMUni', 330, CURRENT_TIMESTAMP(), CURRENT_TIMESTAMP(), true),
(331, '7f864422-153c-4681-8c9e-4e942dce9548', 'test_331', '$2a$10$UZeOZKD1.dj5oiTsZKD03OETA9FXCKGqBuuijhsxYygZpOPtWMUni', 331, CURRENT_TIMESTAMP(), CURRENT_TIMESTAMP(), true),
(332, '67c5538e-0363-4650-a42e-ba25746b4239', 'test_332', '$2a$10$UZeOZKD1.dj5oiTsZKD03OETA9FXCKGqBuuijhsxYygZpOPtWMUni', 332, CURRENT_TIMESTAMP(), CURRENT_TIMESTAMP(), true),
(333, '208210c1-1601-47ae-883f-cdb16e0f802b', 'test_333', '$2a$10$UZeOZKD1.dj5oiTsZKD03OETA9FXCKGqBuuijhsxYygZpOPtWMUni', 333, CURRENT_TIMESTAMP(), CURRENT_TIMESTAMP(), true),
(334, 'bb08395a-a0f0-490d-9d23-6f2f76b41514', 'test_334', '$2a$10$UZeOZKD1.dj5oiTsZKD03OETA9FXCKGqBuuijhsxYygZpOPtWMUni', 334, CURRENT_TIMESTAMP(), CURRENT_TIMESTAMP(), true),
(335, '050c1a8e-256d-41ab-bd3a-3abe54d01b32', 'test_335', '$2a$10$UZeOZKD1.dj5oiTsZKD03OETA9FXCKGqBuuijhsxYygZpOPtWMUni', 335, CURRENT_TIMESTAMP(), CURRENT_TIMESTAMP(), true),
(336, 'cf016005-9207-4a2d-a8fe-91c278029a18', 'test_336', '$2a$10$UZeOZKD1.dj5oiTsZKD03OETA9FXCKGqBuuijhsxYygZpOPtWMUni', 336, CURRENT_TIMESTAMP(), CURRENT_TIMESTAMP(), true),
(337, '950a5d40-e604-4f6c-82dd-2b60a578d9aa', 'test_337', '$2a$10$UZeOZKD1.dj5oiTsZKD03OETA9FXCKGqBuuijhsxYygZpOPtWMUni', 337, CURRENT_TIMESTAMP(), CURRENT_TIMESTAMP(), true),
(338, '3e00662d-6917-4759-b9a9-be8eda02f63b', 'test_338', '$2a$10$UZeOZKD1.dj5oiTsZKD03OETA9FXCKGqBuuijhsxYygZpOPtWMUni', 338, CURRENT_TIMESTAMP(), CURRENT_TIMESTAMP(), true),
(339, 'bb339af3-2038-4f17-b489-46d4b7542cb6', 'test_339', '$2a$10$UZeOZKD1.dj5oiTsZKD03OETA9FXCKGqBuuijhsxYygZpOPtWMUni', 339, CURRENT_TIMESTAMP(), CURRENT_TIMESTAMP(), true),
(340, '3927f6d5-5d90-4192-b84c-cebda90c0b0a', 'test_340', '$2a$10$UZeOZKD1.dj5oiTsZKD03OETA9FXCKGqBuuijhsxYygZpOPtWMUni', 340, CURRENT_TIMESTAMP(), CURRENT_TIMESTAMP(), true),
(341, 'e6b29f71-bb4a-420b-8442-1f7639109465', 'test_341', '$2a$10$UZeOZKD1.dj5oiTsZKD03OETA9FXCKGqBuuijhsxYygZpOPtWMUni', 341, CURRENT_TIMESTAMP(), CURRENT_TIMESTAMP(), true),
(342, 'ff7909b6-a90c-43c7-96fc-c375d439e373', 'test_342', '$2a$10$UZeOZKD1.dj5oiTsZKD03OETA9FXCKGqBuuijhsxYygZpOPtWMUni', 342, CURRENT_TIMESTAMP(), CURRENT_TIMESTAMP(), true),
(343, '6f9902ca-7674-4f2f-b2e1-aeb3701bae14', 'test_343', '$2a$10$UZeOZKD1.dj5oiTsZKD03OETA9FXCKGqBuuijhsxYygZpOPtWMUni', 343, CURRENT_TIMESTAMP(), CURRENT_TIMESTAMP(), true),
(344, '36d75eda-7573-474a-8aeb-f8555464154f', 'test_344', '$2a$10$UZeOZKD1.dj5oiTsZKD03OETA9FXCKGqBuuijhsxYygZpOPtWMUni', 344, CURRENT_TIMESTAMP(), CURRENT_TIMESTAMP(), true),
(345, 'd3c489ae-3f03-48fe-9248-927a8bb3297f', 'test_345', '$2a$10$UZeOZKD1.dj5oiTsZKD03OETA9FXCKGqBuuijhsxYygZpOPtWMUni', 345, CURRENT_TIMESTAMP(), CURRENT_TIMESTAMP(), true),
(346, '18764a4e-8b01-478e-80b3-217cc37d49c7', 'test_346', '$2a$10$UZeOZKD1.dj5oiTsZKD03OETA9FXCKGqBuuijhsxYygZpOPtWMUni', 346, CURRENT_TIMESTAMP(), CURRENT_TIMESTAMP(), true),
(347, '00075d1c-f486-41a0-98f8-06f0354b8416', 'test_347', '$2a$10$UZeOZKD1.dj5oiTsZKD03OETA9FXCKGqBuuijhsxYygZpOPtWMUni', 347, CURRENT_TIMESTAMP(), CURRENT_TIMESTAMP(), true);

INSERT into iam_account_authority(account_id, authority_id) VALUES
(100,2),
(101,2),
(102,2),
(103,2),
(104,2),
(105,2),
(106,2),
(107,2),
(108,2),
(109,2),
(110,2),
(111,2),
(112,2),
(113,2),
(114,2),
(115,2),
(116,2),
(117,2),
(118,2),
(119,2),
(120,2),
(121,2),
(122,2),
(123,2),
(124,2),
(125,2),
(126,2),
(127,2),
(128,2),
(129,2),
(130,2),
(131,2),
(132,2),
(133,2),
(134,2),
(135,2),
(136,2),
(137,2),
(138,2),
(139,2),
(140,2),
(141,2),
(142,2),
(143,2),
(144,2),
(145,2),
(146,2),
(147,2),
(148,2),
(149,2),
(150,2),
(151,2),
(152,2),
(153,2),
(154,2),
(155,2),
(156,2),
(157,2),
(158,2),
(159,2),
(160,2),
(161,2),
(162,2),
(163,2),
(164,2),
(165,2),
(166,2),
(167,2),
(168,2),
(169,2),
(170,2),
(171,2),
(172,2),
(173,2),
(174,2),
(175,2),
(176,2),
(177,2),
(178,2),
(179,2),
(180,2),
(181,2),
(182,2),
(183,2),
(184,2),
(185,2),
(186,2),
(187,2),
(188,2),
(189,2),
(190,2),
(191,2),
(192,2),
(193,2),
(194,2),
(195,2),
(196,2),
(197,2),
(198,2),
(199,2),
(200,2),
(201,2),
(202,2),
(203,2),
(204,2),
(205,2),
(206,2),
(207,2),
(208,2),
(209,2),
(210,2),
(211,2),
(212,2),
(213,2),
(214,2),
(215,2),
(216,2),
(217,2),
(218,2),
(219,2),
(220,2),
(221,2),
(222,2),
(223,2),
(224,2),
(225,2),
(226,2),
(227,2),
(228,2),
(229,2),
(230,2),
(231,2),
(232,2),
(233,2),
(234,2),
(235,2),
(236,2),
(237,2),
(238,2),
(239,2),
(240,2),
(241,2),
(242,2),
(243,2),
(244,2),
(245,2),
(246,2),
(247,2),
(248,2),
(249,2),
(250,2),
(251,2),
(252,2),
(253,2),
(254,2),
(255,2),
(256,2),
(257,2),
(258,2),
(259,2),
(260,2),
(261,2),
(262,2),
(263,2),
(264,2),
(265,2),
(266,2),
(267,2),
(268,2),
(269,2),
(270,2),
(271,2),
(272,2),
(273,2),
(274,2),
(275,2),
(276,2),
(277,2),
(278,2),
(279,2),
(280,2),
(281,2),
(282,2),
(283,2),
(284,2),
(285,2),
(286,2),
(287,2),
(288,2),
(289,2),
(290,2),
(291,2),
(292,2),
(293,2),
(294,2),
(295,2),
(296,2),
(297,2),
(298,2),
(299,2),
(300,2),
(301,2),
(302,2),
(303,2),
(304,2),
(305,2),
(306,2),
(307,2),
(308,2),
(309,2),
(310,2),
(311,2),
(312,2),
(313,2),
(314,2),
(315,2),
(316,2),
(317,2),
(318,2),
(319,2),
(320,2),
(321,2),
(322,2),
(323,2),
(324,2),
(325,2),
(326,2),
(327,2),
(328,2),
(329,2),
(330,2),
(331,2),
(332,2),
(333,2),
(334,2),
(335,2),
(336,2),
(337,2),
(338,2),
(339,2),
(340,2),
(341,2),
(342,2),
(343,2),
(344,2),
(345,2),
(346,2),
(347,2);
